source_label,source_id,target_label,target_id,relation_type
AdminSup,MİLLİ EĞİTİM BAKANLIĞI,AdminInt,BAKAN YARDIMCILIKLARI,SUPERVISE
AdminInt,BAKAN YARDIMCILIKLARI,Administration,Hatay İl Milli Eğitim Müdürlüğü- MİLLİ EĞİTİM BAKANLIĞI BAKAN YARDIMCILIKLARI,DELEGUE
Administration,Hatay İl Milli Eğitim Müdürlüğü- MİLLİ EĞİTİM BAKANLIĞI BAKAN YARDIMCILIKLARI,Project,2023/1602876,A_ATTRIBUE
Project,2023/1602876,Procedure,Yapım - Pazarlık - Pazarlık (MD 21 B),UTILISE_PROCÉDURE
AdminSup,MİLLİ EĞİTİM BAKANLIĞI,AdminInt,BAKAN YARDIMCILIKLARI,SUPERVISE
AdminInt,BAKAN YARDIMCILIKLARI,Administration,Hatay İl Milli Eğitim Müdürlüğü- MİLLİ EĞİTİM BAKANLIĞI BAKAN YARDIMCILIKLARI,DELEGUE
Administration,Hatay İl Milli Eğitim Müdürlüğü- MİLLİ EĞİTİM BAKANLIĞI BAKAN YARDIMCILIKLARI,Project,2023/1602639,A_ATTRIBUE
Project,2023/1602639,Procedure,Yapım - Pazarlık - Pazarlık (MD 21 B),UTILISE_PROCÉDURE
AdminSup,YATIRIM İZLEME VE KOORDİNASYON BAŞKANLIKLARI,AdminInt,HATAY YATIRIM İZLEME VE KOORDİNASYON BAŞKANLIĞI,SUPERVISE
AdminInt,HATAY YATIRIM İZLEME VE KOORDİNASYON BAŞKANLIĞI,Administration,YATIRIM İZLEME MÜDÜRLÜĞÜ YATIRIM İZLEME VE KOORDİNASYON BAŞKANLIKLARI HATAY YATIRIM İZLEME VE KOORDİNASYON BAŞKANLIĞI,DELEGUE
Administration,YATIRIM İZLEME MÜDÜRLÜĞÜ YATIRIM İZLEME VE KOORDİNASYON BAŞKANLIKLARI HATAY YATIRIM İZLEME VE KOORDİNASYON BAŞKANLIĞI,Project,2023/1588175,A_ATTRIBUE
Project,2023/1588175,Procedure,Yapım - Pazarlık - Pazarlık (MD 21 B),UTILISE_PROCÉDURE
AdminSup,YATIRIM İZLEME VE KOORDİNASYON BAŞKANLIKLARI,AdminInt,HATAY YATIRIM İZLEME VE KOORDİNASYON BAŞKANLIĞI,SUPERVISE
AdminInt,HATAY YATIRIM İZLEME VE KOORDİNASYON BAŞKANLIĞI,Administration,YATIRIM İZLEME MÜDÜRLÜĞÜ YATIRIM İZLEME VE KOORDİNASYON BAŞKANLIKLARI HATAY YATIRIM İZLEME VE KOORDİNASYON BAŞKANLIĞI,DELEGUE
Administration,YATIRIM İZLEME MÜDÜRLÜĞÜ YATIRIM İZLEME VE KOORDİNASYON BAŞKANLIKLARI HATAY YATIRIM İZLEME VE KOORDİNASYON BAŞKANLIĞI,Project,2023/1586105,A_ATTRIBUE
Project,2023/1586105,Procedure,Yapım - Pazarlık - Pazarlık (MD 21 B),UTILISE_PROCÉDURE
AdminSup,YATIRIM İZLEME VE KOORDİNASYON BAŞKANLIKLARI,AdminInt,HATAY YATIRIM İZLEME VE KOORDİNASYON BAŞKANLIĞI,SUPERVISE
AdminInt,HATAY YATIRIM İZLEME VE KOORDİNASYON BAŞKANLIĞI,Administration,YATIRIM İZLEME MÜDÜRLÜĞÜ YATIRIM İZLEME VE KOORDİNASYON BAŞKANLIKLARI HATAY YATIRIM İZLEME VE KOORDİNASYON BAŞKANLIĞI,DELEGUE
Administration,YATIRIM İZLEME MÜDÜRLÜĞÜ YATIRIM İZLEME VE KOORDİNASYON BAŞKANLIKLARI HATAY YATIRIM İZLEME VE KOORDİNASYON BAŞKANLIĞI,Project,2023/1586413,A_ATTRIBUE
Project,2023/1586413,Procedure,Yapım - Pazarlık - Pazarlık (MD 21 B),UTILISE_PROCÉDURE
AdminSup,MİLLİ EĞİTİM BAKANLIĞI,AdminInt,BAKAN YARDIMCILIKLARI,SUPERVISE
AdminInt,BAKAN YARDIMCILIKLARI,Administration,Hatay İl Milli Eğitim Müdürlüğü- MİLLİ EĞİTİM BAKANLIĞI BAKAN YARDIMCILIKLARI,DELEGUE
Administration,Hatay İl Milli Eğitim Müdürlüğü- MİLLİ EĞİTİM BAKANLIĞI BAKAN YARDIMCILIKLARI,Project,2023/1571398,A_ATTRIBUE
Project,2023/1571398,Procedure,Yapım - Pazarlık - Pazarlık (MD 21 B),UTILISE_PROCÉDURE
AdminSup,YATIRIM İZLEME VE KOORDİNASYON BAŞKANLIKLARI,AdminInt,HATAY YATIRIM İZLEME VE KOORDİNASYON BAŞKANLIĞI,SUPERVISE
AdminInt,HATAY YATIRIM İZLEME VE KOORDİNASYON BAŞKANLIĞI,Administration,YATIRIM İZLEME MÜDÜRLÜĞÜ YATIRIM İZLEME VE KOORDİNASYON BAŞKANLIKLARI HATAY YATIRIM İZLEME VE KOORDİNASYON BAŞKANLIĞI,DELEGUE
Administration,YATIRIM İZLEME MÜDÜRLÜĞÜ YATIRIM İZLEME VE KOORDİNASYON BAŞKANLIKLARI HATAY YATIRIM İZLEME VE KOORDİNASYON BAŞKANLIĞI,Project,2023/1576880,A_ATTRIBUE
Project,2023/1576880,Procedure,Yapım - Pazarlık - Pazarlık (MD 21 B),UTILISE_PROCÉDURE
AdminSup,YATIRIM İZLEME VE KOORDİNASYON BAŞKANLIKLARI,AdminInt,HATAY YATIRIM İZLEME VE KOORDİNASYON BAŞKANLIĞI,SUPERVISE
AdminInt,HATAY YATIRIM İZLEME VE KOORDİNASYON BAŞKANLIĞI,Administration,YATIRIM İZLEME MÜDÜRLÜĞÜ YATIRIM İZLEME VE KOORDİNASYON BAŞKANLIKLARI HATAY YATIRIM İZLEME VE KOORDİNASYON BAŞKANLIĞI,DELEGUE
Administration,YATIRIM İZLEME MÜDÜRLÜĞÜ YATIRIM İZLEME VE KOORDİNASYON BAŞKANLIKLARI HATAY YATIRIM İZLEME VE KOORDİNASYON BAŞKANLIĞI,Project,2023/1561936,A_ATTRIBUE
Project,2023/1561936,Procedure,Yapım - Pazarlık - Pazarlık (MD 21 B),UTILISE_PROCÉDURE
AdminSup,YATIRIM İZLEME VE KOORDİNASYON BAŞKANLIKLARI,AdminInt,HATAY YATIRIM İZLEME VE KOORDİNASYON BAŞKANLIĞI,SUPERVISE
AdminInt,HATAY YATIRIM İZLEME VE KOORDİNASYON BAŞKANLIĞI,Administration,YATIRIM İZLEME MÜDÜRLÜĞÜ YATIRIM İZLEME VE KOORDİNASYON BAŞKANLIKLARI HATAY YATIRIM İZLEME VE KOORDİNASYON BAŞKANLIĞI,DELEGUE
Administration,YATIRIM İZLEME MÜDÜRLÜĞÜ YATIRIM İZLEME VE KOORDİNASYON BAŞKANLIKLARI HATAY YATIRIM İZLEME VE KOORDİNASYON BAŞKANLIĞI,Project,2023/1564087,A_ATTRIBUE
Project,2023/1564087,Procedure,Yapım - Pazarlık - Pazarlık (MD 21 B),UTILISE_PROCÉDURE
AdminSup,DİĞER ÖZEL BÜTÇELİ KURULUŞLAR,AdminInt,ORMAN GENEL MÜDÜRLÜĞÜ,SUPERVISE
AdminInt,ORMAN GENEL MÜDÜRLÜĞÜ,Administration,İskenderun Orman İşletme Müdürlüğü DİĞER ÖZEL BÜTÇELİ KURULUŞLAR ORMAN GENEL MÜDÜRLÜĞÜ,DELEGUE
Administration,İskenderun Orman İşletme Müdürlüğü DİĞER ÖZEL BÜTÇELİ KURULUŞLAR ORMAN GENEL MÜDÜRLÜĞÜ,Project,2023/1557098,A_ATTRIBUE
Project,2023/1557098,Procedure,Yapım - Pazarlık - Pazarlık (MD 21 B),UTILISE_PROCÉDURE
AdminSup,YATIRIM İZLEME VE KOORDİNASYON BAŞKANLIKLARI,AdminInt,HATAY YATIRIM İZLEME VE KOORDİNASYON BAŞKANLIĞI,SUPERVISE
AdminInt,HATAY YATIRIM İZLEME VE KOORDİNASYON BAŞKANLIĞI,Administration,YATIRIM İZLEME MÜDÜRLÜĞÜ YATIRIM İZLEME VE KOORDİNASYON BAŞKANLIKLARI HATAY YATIRIM İZLEME VE KOORDİNASYON BAŞKANLIĞI,DELEGUE
Administration,YATIRIM İZLEME MÜDÜRLÜĞÜ YATIRIM İZLEME VE KOORDİNASYON BAŞKANLIKLARI HATAY YATIRIM İZLEME VE KOORDİNASYON BAŞKANLIĞI,Project,2023/1560755,A_ATTRIBUE
Project,2023/1560755,Procedure,Yapım - Pazarlık - Pazarlık (MD 21 B),UTILISE_PROCÉDURE
AdminSup,YATIRIM İZLEME VE KOORDİNASYON BAŞKANLIKLARI,AdminInt,HATAY YATIRIM İZLEME VE KOORDİNASYON BAŞKANLIĞI,SUPERVISE
AdminInt,HATAY YATIRIM İZLEME VE KOORDİNASYON BAŞKANLIĞI,Administration,YATIRIM İZLEME MÜDÜRLÜĞÜ YATIRIM İZLEME VE KOORDİNASYON BAŞKANLIKLARI HATAY YATIRIM İZLEME VE KOORDİNASYON BAŞKANLIĞI,DELEGUE
Administration,YATIRIM İZLEME MÜDÜRLÜĞÜ YATIRIM İZLEME VE KOORDİNASYON BAŞKANLIKLARI HATAY YATIRIM İZLEME VE KOORDİNASYON BAŞKANLIĞI,Project,2023/1559374,A_ATTRIBUE
Project,2023/1559374,Procedure,Yapım - Pazarlık - Pazarlık (MD 21 B),UTILISE_PROCÉDURE
AdminSup,YATIRIM İZLEME VE KOORDİNASYON BAŞKANLIKLARI,AdminInt,HATAY YATIRIM İZLEME VE KOORDİNASYON BAŞKANLIĞI,SUPERVISE
AdminInt,HATAY YATIRIM İZLEME VE KOORDİNASYON BAŞKANLIĞI,Administration,YATIRIM İZLEME MÜDÜRLÜĞÜ YATIRIM İZLEME VE KOORDİNASYON BAŞKANLIKLARI HATAY YATIRIM İZLEME VE KOORDİNASYON BAŞKANLIĞI,DELEGUE
Administration,YATIRIM İZLEME MÜDÜRLÜĞÜ YATIRIM İZLEME VE KOORDİNASYON BAŞKANLIKLARI HATAY YATIRIM İZLEME VE KOORDİNASYON BAŞKANLIĞI,Project,2023/1560741,A_ATTRIBUE
Project,2023/1560741,Procedure,Yapım - Pazarlık - Pazarlık (MD 21 B),UTILISE_PROCÉDURE
AdminSup,MİLLİ EĞİTİM BAKANLIĞI,AdminInt,BAKAN YARDIMCILIKLARI,SUPERVISE
AdminInt,BAKAN YARDIMCILIKLARI,Administration,Hatay İl Milli Eğitim Müdürlüğü- MİLLİ EĞİTİM BAKANLIĞI BAKAN YARDIMCILIKLARI,DELEGUE
Administration,Hatay İl Milli Eğitim Müdürlüğü- MİLLİ EĞİTİM BAKANLIĞI BAKAN YARDIMCILIKLARI,Project,2023/1544672,A_ATTRIBUE
Project,2023/1544672,Procedure,Yapım - Pazarlık - Pazarlık (MD 21 B),UTILISE_PROCÉDURE
AdminSup,MİLLİ EĞİTİM BAKANLIĞI,AdminInt,BAKAN YARDIMCILIKLARI,SUPERVISE
AdminInt,BAKAN YARDIMCILIKLARI,Administration,Hatay İl Milli Eğitim Müdürlüğü- MİLLİ EĞİTİM BAKANLIĞI BAKAN YARDIMCILIKLARI,DELEGUE
Administration,Hatay İl Milli Eğitim Müdürlüğü- MİLLİ EĞİTİM BAKANLIĞI BAKAN YARDIMCILIKLARI,Project,2023/1544062,A_ATTRIBUE
Project,2023/1544062,Procedure,Yapım - Pazarlık - Pazarlık (MD 21 B),UTILISE_PROCÉDURE
AdminSup,MİLLİ EĞİTİM BAKANLIĞI,AdminInt,BAKAN YARDIMCILIKLARI,SUPERVISE
AdminInt,BAKAN YARDIMCILIKLARI,Administration,Hatay İl Milli Eğitim Müdürlüğü- MİLLİ EĞİTİM BAKANLIĞI BAKAN YARDIMCILIKLARI,DELEGUE
Administration,Hatay İl Milli Eğitim Müdürlüğü- MİLLİ EĞİTİM BAKANLIĞI BAKAN YARDIMCILIKLARI,Project,2023/1543206,A_ATTRIBUE
Project,2023/1543206,Procedure,Yapım - Pazarlık - Pazarlık (MD 21 B),UTILISE_PROCÉDURE
AdminSup,MİLLİ EĞİTİM BAKANLIĞI,AdminInt,BAKAN YARDIMCILIKLARI,SUPERVISE
AdminInt,BAKAN YARDIMCILIKLARI,Administration,Hatay İl Milli Eğitim Müdürlüğü- MİLLİ EĞİTİM BAKANLIĞI BAKAN YARDIMCILIKLARI,DELEGUE
Administration,Hatay İl Milli Eğitim Müdürlüğü- MİLLİ EĞİTİM BAKANLIĞI BAKAN YARDIMCILIKLARI,Project,2023/1542204,A_ATTRIBUE
Project,2023/1542204,Procedure,Yapım - Pazarlık - Pazarlık (MD 21 B),UTILISE_PROCÉDURE
AdminSup,YATIRIM İZLEME VE KOORDİNASYON BAŞKANLIKLARI,AdminInt,HATAY YATIRIM İZLEME VE KOORDİNASYON BAŞKANLIĞI,SUPERVISE
AdminInt,HATAY YATIRIM İZLEME VE KOORDİNASYON BAŞKANLIĞI,Administration,YATIRIM İZLEME MÜDÜRLÜĞÜ YATIRIM İZLEME VE KOORDİNASYON BAŞKANLIKLARI HATAY YATIRIM İZLEME VE KOORDİNASYON BAŞKANLIĞI,DELEGUE
Administration,YATIRIM İZLEME MÜDÜRLÜĞÜ YATIRIM İZLEME VE KOORDİNASYON BAŞKANLIKLARI HATAY YATIRIM İZLEME VE KOORDİNASYON BAŞKANLIĞI,Project,2023/1525727,A_ATTRIBUE
Project,2023/1525727,Procedure,Yapım - Pazarlık - Pazarlık (MD 21 B),UTILISE_PROCÉDURE
AdminSup,YATIRIM İZLEME VE KOORDİNASYON BAŞKANLIKLARI,AdminInt,HATAY YATIRIM İZLEME VE KOORDİNASYON BAŞKANLIĞI,SUPERVISE
AdminInt,HATAY YATIRIM İZLEME VE KOORDİNASYON BAŞKANLIĞI,Administration,YATIRIM İZLEME MÜDÜRLÜĞÜ YATIRIM İZLEME VE KOORDİNASYON BAŞKANLIKLARI HATAY YATIRIM İZLEME VE KOORDİNASYON BAŞKANLIĞI,DELEGUE
Administration,YATIRIM İZLEME MÜDÜRLÜĞÜ YATIRIM İZLEME VE KOORDİNASYON BAŞKANLIKLARI HATAY YATIRIM İZLEME VE KOORDİNASYON BAŞKANLIĞI,Project,2023/1526010,A_ATTRIBUE
Project,2023/1526010,Procedure,Yapım - Pazarlık - Pazarlık (MD 21 B),UTILISE_PROCÉDURE
AdminSup,YATIRIM İZLEME VE KOORDİNASYON BAŞKANLIKLARI,AdminInt,HATAY YATIRIM İZLEME VE KOORDİNASYON BAŞKANLIĞI,SUPERVISE
AdminInt,HATAY YATIRIM İZLEME VE KOORDİNASYON BAŞKANLIĞI,Administration,YATIRIM İZLEME MÜDÜRLÜĞÜ YATIRIM İZLEME VE KOORDİNASYON BAŞKANLIKLARI HATAY YATIRIM İZLEME VE KOORDİNASYON BAŞKANLIĞI,DELEGUE
Administration,YATIRIM İZLEME MÜDÜRLÜĞÜ YATIRIM İZLEME VE KOORDİNASYON BAŞKANLIKLARI HATAY YATIRIM İZLEME VE KOORDİNASYON BAŞKANLIĞI,Project,2023/1525653,A_ATTRIBUE
Project,2023/1525653,Procedure,Yapım - Pazarlık - Pazarlık (MD 21 B),UTILISE_PROCÉDURE
AdminSup,YATIRIM İZLEME VE KOORDİNASYON BAŞKANLIKLARI,AdminInt,HATAY YATIRIM İZLEME VE KOORDİNASYON BAŞKANLIĞI,SUPERVISE
AdminInt,HATAY YATIRIM İZLEME VE KOORDİNASYON BAŞKANLIĞI,Administration,YATIRIM İZLEME MÜDÜRLÜĞÜ YATIRIM İZLEME VE KOORDİNASYON BAŞKANLIKLARI HATAY YATIRIM İZLEME VE KOORDİNASYON BAŞKANLIĞI,DELEGUE
Administration,YATIRIM İZLEME MÜDÜRLÜĞÜ YATIRIM İZLEME VE KOORDİNASYON BAŞKANLIKLARI HATAY YATIRIM İZLEME VE KOORDİNASYON BAŞKANLIĞI,Project,2023/1525702,A_ATTRIBUE
Project,2023/1525702,Procedure,Yapım - Pazarlık - Pazarlık (MD 21 B),UTILISE_PROCÉDURE
AdminSup,YATIRIM İZLEME VE KOORDİNASYON BAŞKANLIKLARI,AdminInt,HATAY YATIRIM İZLEME VE KOORDİNASYON BAŞKANLIĞI,SUPERVISE
AdminInt,HATAY YATIRIM İZLEME VE KOORDİNASYON BAŞKANLIĞI,Administration,YATIRIM İZLEME MÜDÜRLÜĞÜ YATIRIM İZLEME VE KOORDİNASYON BAŞKANLIKLARI HATAY YATIRIM İZLEME VE KOORDİNASYON BAŞKANLIĞI,DELEGUE
Administration,YATIRIM İZLEME MÜDÜRLÜĞÜ YATIRIM İZLEME VE KOORDİNASYON BAŞKANLIKLARI HATAY YATIRIM İZLEME VE KOORDİNASYON BAŞKANLIĞI,Project,2023/1523454,A_ATTRIBUE
Project,2023/1523454,Procedure,Yapım - Pazarlık - Pazarlık (MD 21 B),UTILISE_PROCÉDURE
AdminSup,DİĞER ÖZEL BÜTÇELİ KURULUŞLAR,AdminInt,ORMAN GENEL MÜDÜRLÜĞÜ,SUPERVISE
AdminInt,ORMAN GENEL MÜDÜRLÜĞÜ,Administration,Orman İşletme Müdürlüğü-Antakya DİĞER ÖZEL BÜTÇELİ KURULUŞLAR ORMAN GENEL MÜDÜRLÜĞÜ,DELEGUE
Administration,Orman İşletme Müdürlüğü-Antakya DİĞER ÖZEL BÜTÇELİ KURULUŞLAR ORMAN GENEL MÜDÜRLÜĞÜ,Project,2023/1486987,A_ATTRIBUE
Project,2023/1486987,Procedure,Yapım - Pazarlık - Pazarlık (MD 21 B),UTILISE_PROCÉDURE
AdminSup,YATIRIM İZLEME VE KOORDİNASYON BAŞKANLIKLARI,AdminInt,HATAY YATIRIM İZLEME VE KOORDİNASYON BAŞKANLIĞI,SUPERVISE
AdminInt,HATAY YATIRIM İZLEME VE KOORDİNASYON BAŞKANLIĞI,Administration,YATIRIM İZLEME MÜDÜRLÜĞÜ YATIRIM İZLEME VE KOORDİNASYON BAŞKANLIKLARI HATAY YATIRIM İZLEME VE KOORDİNASYON BAŞKANLIĞI,DELEGUE
Administration,YATIRIM İZLEME MÜDÜRLÜĞÜ YATIRIM İZLEME VE KOORDİNASYON BAŞKANLIKLARI HATAY YATIRIM İZLEME VE KOORDİNASYON BAŞKANLIĞI,Project,2023/1520544,A_ATTRIBUE
Project,2023/1520544,Procedure,Yapım - Pazarlık - Pazarlık (MD 21 B),UTILISE_PROCÉDURE
AdminSup,YATIRIM İZLEME VE KOORDİNASYON BAŞKANLIKLARI,AdminInt,HATAY YATIRIM İZLEME VE KOORDİNASYON BAŞKANLIĞI,SUPERVISE
AdminInt,HATAY YATIRIM İZLEME VE KOORDİNASYON BAŞKANLIĞI,Administration,YATIRIM İZLEME MÜDÜRLÜĞÜ YATIRIM İZLEME VE KOORDİNASYON BAŞKANLIKLARI HATAY YATIRIM İZLEME VE KOORDİNASYON BAŞKANLIĞI,DELEGUE
Administration,YATIRIM İZLEME MÜDÜRLÜĞÜ YATIRIM İZLEME VE KOORDİNASYON BAŞKANLIKLARI HATAY YATIRIM İZLEME VE KOORDİNASYON BAŞKANLIĞI,Project,2023/1514177,A_ATTRIBUE
Project,2023/1514177,Procedure,Yapım - Pazarlık - Pazarlık (MD 21 B),UTILISE_PROCÉDURE
AdminSup,YATIRIM İZLEME VE KOORDİNASYON BAŞKANLIKLARI,AdminInt,HATAY YATIRIM İZLEME VE KOORDİNASYON BAŞKANLIĞI,SUPERVISE
AdminInt,HATAY YATIRIM İZLEME VE KOORDİNASYON BAŞKANLIĞI,Administration,YATIRIM İZLEME MÜDÜRLÜĞÜ YATIRIM İZLEME VE KOORDİNASYON BAŞKANLIKLARI HATAY YATIRIM İZLEME VE KOORDİNASYON BAŞKANLIĞI,DELEGUE
Administration,YATIRIM İZLEME MÜDÜRLÜĞÜ YATIRIM İZLEME VE KOORDİNASYON BAŞKANLIKLARI HATAY YATIRIM İZLEME VE KOORDİNASYON BAŞKANLIĞI,Project,2023/1517437,A_ATTRIBUE
Project,2023/1517437,Procedure,Yapım - Pazarlık - Pazarlık (MD 21 B),UTILISE_PROCÉDURE
AdminSup,YATIRIM İZLEME VE KOORDİNASYON BAŞKANLIKLARI,AdminInt,HATAY YATIRIM İZLEME VE KOORDİNASYON BAŞKANLIĞI,SUPERVISE
AdminInt,HATAY YATIRIM İZLEME VE KOORDİNASYON BAŞKANLIĞI,Administration,YATIRIM İZLEME MÜDÜRLÜĞÜ YATIRIM İZLEME VE KOORDİNASYON BAŞKANLIKLARI HATAY YATIRIM İZLEME VE KOORDİNASYON BAŞKANLIĞI,DELEGUE
Administration,YATIRIM İZLEME MÜDÜRLÜĞÜ YATIRIM İZLEME VE KOORDİNASYON BAŞKANLIKLARI HATAY YATIRIM İZLEME VE KOORDİNASYON BAŞKANLIĞI,Project,2023/1508370,A_ATTRIBUE
Project,2023/1508370,Procedure,Yapım - Pazarlık - Pazarlık (MD 21 B),UTILISE_PROCÉDURE
AdminSup,YATIRIM İZLEME VE KOORDİNASYON BAŞKANLIKLARI,AdminInt,HATAY YATIRIM İZLEME VE KOORDİNASYON BAŞKANLIĞI,SUPERVISE
AdminInt,HATAY YATIRIM İZLEME VE KOORDİNASYON BAŞKANLIĞI,Administration,YATIRIM İZLEME MÜDÜRLÜĞÜ YATIRIM İZLEME VE KOORDİNASYON BAŞKANLIKLARI HATAY YATIRIM İZLEME VE KOORDİNASYON BAŞKANLIĞI,DELEGUE
Administration,YATIRIM İZLEME MÜDÜRLÜĞÜ YATIRIM İZLEME VE KOORDİNASYON BAŞKANLIKLARI HATAY YATIRIM İZLEME VE KOORDİNASYON BAŞKANLIĞI,Project,2023/1507754,A_ATTRIBUE
Project,2023/1507754,Procedure,Yapım - Pazarlık - Pazarlık (MD 21 B),UTILISE_PROCÉDURE
AdminSup,YATIRIM İZLEME VE KOORDİNASYON BAŞKANLIKLARI,AdminInt,HATAY YATIRIM İZLEME VE KOORDİNASYON BAŞKANLIĞI,SUPERVISE
AdminInt,HATAY YATIRIM İZLEME VE KOORDİNASYON BAŞKANLIĞI,Administration,YATIRIM İZLEME MÜDÜRLÜĞÜ YATIRIM İZLEME VE KOORDİNASYON BAŞKANLIKLARI HATAY YATIRIM İZLEME VE KOORDİNASYON BAŞKANLIĞI,DELEGUE
Administration,YATIRIM İZLEME MÜDÜRLÜĞÜ YATIRIM İZLEME VE KOORDİNASYON BAŞKANLIKLARI HATAY YATIRIM İZLEME VE KOORDİNASYON BAŞKANLIĞI,Project,2023/1506932,A_ATTRIBUE
Project,2023/1506932,Procedure,Yapım - Pazarlık - Pazarlık (MD 21 B),UTILISE_PROCÉDURE
AdminSup,SAĞLIK BAKANLIĞI,AdminInt,BAKAN YARDIMCILIKLARI,SUPERVISE
AdminInt,BAKAN YARDIMCILIKLARI,Administration,İl Sağlık Müdürlüğü SAĞLIK BAKANLIĞI BAKAN YARDIMCILIKLARI,DELEGUE
Administration,İl Sağlık Müdürlüğü SAĞLIK BAKANLIĞI BAKAN YARDIMCILIKLARI,Project,2023/1483751,A_ATTRIBUE
Project,2023/1483751,Procedure,Yapım - Pazarlık - Pazarlık (MD 21 B),UTILISE_PROCÉDURE
AdminSup,YATIRIM İZLEME VE KOORDİNASYON BAŞKANLIKLARI,AdminInt,HATAY YATIRIM İZLEME VE KOORDİNASYON BAŞKANLIĞI,SUPERVISE
AdminInt,HATAY YATIRIM İZLEME VE KOORDİNASYON BAŞKANLIĞI,Administration,YATIRIM İZLEME MÜDÜRLÜĞÜ YATIRIM İZLEME VE KOORDİNASYON BAŞKANLIKLARI HATAY YATIRIM İZLEME VE KOORDİNASYON BAŞKANLIĞI,DELEGUE
Administration,YATIRIM İZLEME MÜDÜRLÜĞÜ YATIRIM İZLEME VE KOORDİNASYON BAŞKANLIKLARI HATAY YATIRIM İZLEME VE KOORDİNASYON BAŞKANLIĞI,Project,2023/1499995,A_ATTRIBUE
Project,2023/1499995,Procedure,Yapım - Pazarlık - Pazarlık (MD 21 B),UTILISE_PROCÉDURE
AdminSup,YATIRIM İZLEME VE KOORDİNASYON BAŞKANLIKLARI,AdminInt,HATAY YATIRIM İZLEME VE KOORDİNASYON BAŞKANLIĞI,SUPERVISE
AdminInt,HATAY YATIRIM İZLEME VE KOORDİNASYON BAŞKANLIĞI,Administration,YATIRIM İZLEME MÜDÜRLÜĞÜ YATIRIM İZLEME VE KOORDİNASYON BAŞKANLIKLARI HATAY YATIRIM İZLEME VE KOORDİNASYON BAŞKANLIĞI,DELEGUE
Administration,YATIRIM İZLEME MÜDÜRLÜĞÜ YATIRIM İZLEME VE KOORDİNASYON BAŞKANLIKLARI HATAY YATIRIM İZLEME VE KOORDİNASYON BAŞKANLIĞI,Project,2023/1500460,A_ATTRIBUE
Project,2023/1500460,Procedure,Yapım - Pazarlık - Pazarlık (MD 21 B),UTILISE_PROCÉDURE
AdminSup,YATIRIM İZLEME VE KOORDİNASYON BAŞKANLIKLARI,AdminInt,HATAY YATIRIM İZLEME VE KOORDİNASYON BAŞKANLIĞI,SUPERVISE
AdminInt,HATAY YATIRIM İZLEME VE KOORDİNASYON BAŞKANLIĞI,Administration,YATIRIM İZLEME MÜDÜRLÜĞÜ YATIRIM İZLEME VE KOORDİNASYON BAŞKANLIKLARI HATAY YATIRIM İZLEME VE KOORDİNASYON BAŞKANLIĞI,DELEGUE
Administration,YATIRIM İZLEME MÜDÜRLÜĞÜ YATIRIM İZLEME VE KOORDİNASYON BAŞKANLIKLARI HATAY YATIRIM İZLEME VE KOORDİNASYON BAŞKANLIĞI,Project,2023/1501147,A_ATTRIBUE
Project,2023/1501147,Procedure,Yapım - Pazarlık - Pazarlık (MD 21 B),UTILISE_PROCÉDURE
AdminSup,YATIRIM İZLEME VE KOORDİNASYON BAŞKANLIKLARI,AdminInt,HATAY YATIRIM İZLEME VE KOORDİNASYON BAŞKANLIĞI,SUPERVISE
AdminInt,HATAY YATIRIM İZLEME VE KOORDİNASYON BAŞKANLIĞI,Administration,YATIRIM İZLEME MÜDÜRLÜĞÜ YATIRIM İZLEME VE KOORDİNASYON BAŞKANLIKLARI HATAY YATIRIM İZLEME VE KOORDİNASYON BAŞKANLIĞI,DELEGUE
Administration,YATIRIM İZLEME MÜDÜRLÜĞÜ YATIRIM İZLEME VE KOORDİNASYON BAŞKANLIKLARI HATAY YATIRIM İZLEME VE KOORDİNASYON BAŞKANLIĞI,Project,2023/1499481,A_ATTRIBUE
Project,2023/1499481,Procedure,Yapım - Pazarlık - Pazarlık (MD 21 B),UTILISE_PROCÉDURE
AdminSup,YATIRIM İZLEME VE KOORDİNASYON BAŞKANLIKLARI,AdminInt,HATAY YATIRIM İZLEME VE KOORDİNASYON BAŞKANLIĞI,SUPERVISE
AdminInt,HATAY YATIRIM İZLEME VE KOORDİNASYON BAŞKANLIĞI,Administration,YATIRIM İZLEME MÜDÜRLÜĞÜ YATIRIM İZLEME VE KOORDİNASYON BAŞKANLIKLARI HATAY YATIRIM İZLEME VE KOORDİNASYON BAŞKANLIĞI,DELEGUE
Administration,YATIRIM İZLEME MÜDÜRLÜĞÜ YATIRIM İZLEME VE KOORDİNASYON BAŞKANLIKLARI HATAY YATIRIM İZLEME VE KOORDİNASYON BAŞKANLIĞI,Project,2023/1489968,A_ATTRIBUE
Project,2023/1489968,Procedure,Yapım - Pazarlık - Pazarlık (MD 21 B),UTILISE_PROCÉDURE
AdminSup,YATIRIM İZLEME VE KOORDİNASYON BAŞKANLIKLARI,AdminInt,HATAY YATIRIM İZLEME VE KOORDİNASYON BAŞKANLIĞI,SUPERVISE
AdminInt,HATAY YATIRIM İZLEME VE KOORDİNASYON BAŞKANLIĞI,Administration,YATIRIM İZLEME MÜDÜRLÜĞÜ YATIRIM İZLEME VE KOORDİNASYON BAŞKANLIKLARI HATAY YATIRIM İZLEME VE KOORDİNASYON BAŞKANLIĞI,DELEGUE
Administration,YATIRIM İZLEME MÜDÜRLÜĞÜ YATIRIM İZLEME VE KOORDİNASYON BAŞKANLIKLARI HATAY YATIRIM İZLEME VE KOORDİNASYON BAŞKANLIĞI,Project,2023/1490575,A_ATTRIBUE
Project,2023/1490575,Procedure,Yapım - Pazarlık - Pazarlık (MD 21 B),UTILISE_PROCÉDURE
AdminSup,SAĞLIK BAKANLIĞI,AdminInt,BAKAN YARDIMCILIKLARI,SUPERVISE
AdminInt,BAKAN YARDIMCILIKLARI,Administration,İl Sağlık Müdürlüğü SAĞLIK BAKANLIĞI BAKAN YARDIMCILIKLARI,DELEGUE
Administration,İl Sağlık Müdürlüğü SAĞLIK BAKANLIĞI BAKAN YARDIMCILIKLARI,Project,2023/1389314,A_ATTRIBUE
Project,2023/1389314,Procedure,Yapım - Pazarlık - Pazarlık (MD 21 B),UTILISE_PROCÉDURE
AdminSup,YATIRIM İZLEME VE KOORDİNASYON BAŞKANLIKLARI,AdminInt,HATAY YATIRIM İZLEME VE KOORDİNASYON BAŞKANLIĞI,SUPERVISE
AdminInt,HATAY YATIRIM İZLEME VE KOORDİNASYON BAŞKANLIĞI,Administration,YATIRIM İZLEME MÜDÜRLÜĞÜ YATIRIM İZLEME VE KOORDİNASYON BAŞKANLIKLARI HATAY YATIRIM İZLEME VE KOORDİNASYON BAŞKANLIĞI,DELEGUE
Administration,YATIRIM İZLEME MÜDÜRLÜĞÜ YATIRIM İZLEME VE KOORDİNASYON BAŞKANLIKLARI HATAY YATIRIM İZLEME VE KOORDİNASYON BAŞKANLIĞI,Project,2023/1471414,A_ATTRIBUE
Project,2023/1471414,Procedure,Yapım - Pazarlık - Pazarlık (MD 21 B),UTILISE_PROCÉDURE
AdminSup,YATIRIM İZLEME VE KOORDİNASYON BAŞKANLIKLARI,AdminInt,HATAY YATIRIM İZLEME VE KOORDİNASYON BAŞKANLIĞI,SUPERVISE
AdminInt,HATAY YATIRIM İZLEME VE KOORDİNASYON BAŞKANLIĞI,Administration,YATIRIM İZLEME MÜDÜRLÜĞÜ YATIRIM İZLEME VE KOORDİNASYON BAŞKANLIKLARI HATAY YATIRIM İZLEME VE KOORDİNASYON BAŞKANLIĞI,DELEGUE
Administration,YATIRIM İZLEME MÜDÜRLÜĞÜ YATIRIM İZLEME VE KOORDİNASYON BAŞKANLIKLARI HATAY YATIRIM İZLEME VE KOORDİNASYON BAŞKANLIĞI,Project,2023/1455301,A_ATTRIBUE
Project,2023/1455301,Procedure,Yapım - Pazarlık - Pazarlık (MD 21 B),UTILISE_PROCÉDURE
AdminSup,YATIRIM İZLEME VE KOORDİNASYON BAŞKANLIKLARI,AdminInt,HATAY YATIRIM İZLEME VE KOORDİNASYON BAŞKANLIĞI,SUPERVISE
AdminInt,HATAY YATIRIM İZLEME VE KOORDİNASYON BAŞKANLIĞI,Administration,YATIRIM İZLEME MÜDÜRLÜĞÜ YATIRIM İZLEME VE KOORDİNASYON BAŞKANLIKLARI HATAY YATIRIM İZLEME VE KOORDİNASYON BAŞKANLIĞI,DELEGUE
Administration,YATIRIM İZLEME MÜDÜRLÜĞÜ YATIRIM İZLEME VE KOORDİNASYON BAŞKANLIKLARI HATAY YATIRIM İZLEME VE KOORDİNASYON BAŞKANLIĞI,Project,2023/1456510,A_ATTRIBUE
Project,2023/1456510,Procedure,Yapım - Pazarlık - Pazarlık (MD 21 B),UTILISE_PROCÉDURE
AdminSup,YATIRIM İZLEME VE KOORDİNASYON BAŞKANLIKLARI,AdminInt,HATAY YATIRIM İZLEME VE KOORDİNASYON BAŞKANLIĞI,SUPERVISE
AdminInt,HATAY YATIRIM İZLEME VE KOORDİNASYON BAŞKANLIĞI,Administration,YATIRIM İZLEME MÜDÜRLÜĞÜ YATIRIM İZLEME VE KOORDİNASYON BAŞKANLIKLARI HATAY YATIRIM İZLEME VE KOORDİNASYON BAŞKANLIĞI,DELEGUE
Administration,YATIRIM İZLEME MÜDÜRLÜĞÜ YATIRIM İZLEME VE KOORDİNASYON BAŞKANLIKLARI HATAY YATIRIM İZLEME VE KOORDİNASYON BAŞKANLIĞI,Project,2023/1456451,A_ATTRIBUE
Project,2023/1456451,Procedure,Yapım - Pazarlık - Pazarlık (MD 21 B),UTILISE_PROCÉDURE
AdminSup,YATIRIM İZLEME VE KOORDİNASYON BAŞKANLIKLARI,AdminInt,HATAY YATIRIM İZLEME VE KOORDİNASYON BAŞKANLIĞI,SUPERVISE
AdminInt,HATAY YATIRIM İZLEME VE KOORDİNASYON BAŞKANLIĞI,Administration,YATIRIM İZLEME MÜDÜRLÜĞÜ YATIRIM İZLEME VE KOORDİNASYON BAŞKANLIKLARI HATAY YATIRIM İZLEME VE KOORDİNASYON BAŞKANLIĞI,DELEGUE
Administration,YATIRIM İZLEME MÜDÜRLÜĞÜ YATIRIM İZLEME VE KOORDİNASYON BAŞKANLIKLARI HATAY YATIRIM İZLEME VE KOORDİNASYON BAŞKANLIĞI,Project,2023/1455457,A_ATTRIBUE
Project,2023/1455457,Procedure,Yapım - Pazarlık - Pazarlık (MD 21 B),UTILISE_PROCÉDURE
AdminSup,YATIRIM İZLEME VE KOORDİNASYON BAŞKANLIKLARI,AdminInt,HATAY YATIRIM İZLEME VE KOORDİNASYON BAŞKANLIĞI,SUPERVISE
AdminInt,HATAY YATIRIM İZLEME VE KOORDİNASYON BAŞKANLIĞI,Administration,YATIRIM İZLEME MÜDÜRLÜĞÜ YATIRIM İZLEME VE KOORDİNASYON BAŞKANLIKLARI HATAY YATIRIM İZLEME VE KOORDİNASYON BAŞKANLIĞI,DELEGUE
Administration,YATIRIM İZLEME MÜDÜRLÜĞÜ YATIRIM İZLEME VE KOORDİNASYON BAŞKANLIKLARI HATAY YATIRIM İZLEME VE KOORDİNASYON BAŞKANLIĞI,Project,2023/1450297,A_ATTRIBUE
Project,2023/1450297,Procedure,Yapım - Pazarlık - Pazarlık (MD 21 B),UTILISE_PROCÉDURE
AdminSup,GENÇLİK VE SPOR İL MÜDÜRLÜKLERİ,AdminInt,GENÇLİK VE SPOR İL MÜDÜRLÜĞÜ,SUPERVISE
AdminInt,GENÇLİK VE SPOR İL MÜDÜRLÜĞÜ,Administration,HATAY GENÇLİK VE SPOR İL MÜDÜRLÜĞÜ GENÇLİK VE SPOR İL MÜDÜRLÜKLERİ GENÇLİK VE SPOR İL MÜDÜRLÜĞÜ,DELEGUE
Administration,HATAY GENÇLİK VE SPOR İL MÜDÜRLÜĞÜ GENÇLİK VE SPOR İL MÜDÜRLÜKLERİ GENÇLİK VE SPOR İL MÜDÜRLÜĞÜ,Project,2023/1324693,A_ATTRIBUE
Project,2023/1324693,Procedure,Yapım - Pazarlık - Pazarlık (MD 21 B),UTILISE_PROCÉDURE
AdminSup,YATIRIM İZLEME VE KOORDİNASYON BAŞKANLIKLARI,AdminInt,HATAY YATIRIM İZLEME VE KOORDİNASYON BAŞKANLIĞI,SUPERVISE
AdminInt,HATAY YATIRIM İZLEME VE KOORDİNASYON BAŞKANLIĞI,Administration,YATIRIM İZLEME MÜDÜRLÜĞÜ YATIRIM İZLEME VE KOORDİNASYON BAŞKANLIKLARI HATAY YATIRIM İZLEME VE KOORDİNASYON BAŞKANLIĞI,DELEGUE
Administration,YATIRIM İZLEME MÜDÜRLÜĞÜ YATIRIM İZLEME VE KOORDİNASYON BAŞKANLIKLARI HATAY YATIRIM İZLEME VE KOORDİNASYON BAŞKANLIĞI,Project,2023/1393861,A_ATTRIBUE
Project,2023/1393861,Procedure,Yapım - Pazarlık - Pazarlık (MD 21 B),UTILISE_PROCÉDURE
AdminSup,YATIRIM İZLEME VE KOORDİNASYON BAŞKANLIKLARI,AdminInt,HATAY YATIRIM İZLEME VE KOORDİNASYON BAŞKANLIĞI,SUPERVISE
AdminInt,HATAY YATIRIM İZLEME VE KOORDİNASYON BAŞKANLIĞI,Administration,YATIRIM İZLEME MÜDÜRLÜĞÜ YATIRIM İZLEME VE KOORDİNASYON BAŞKANLIKLARI HATAY YATIRIM İZLEME VE KOORDİNASYON BAŞKANLIĞI,DELEGUE
Administration,YATIRIM İZLEME MÜDÜRLÜĞÜ YATIRIM İZLEME VE KOORDİNASYON BAŞKANLIKLARI HATAY YATIRIM İZLEME VE KOORDİNASYON BAŞKANLIĞI,Project,2023/1378993,A_ATTRIBUE
Project,2023/1378993,Procedure,Yapım - Pazarlık - Pazarlık (MD 21 B),UTILISE_PROCÉDURE
AdminSup,SAĞLIK BAKANLIĞI,AdminInt,BAKAN YARDIMCILIKLARI,SUPERVISE
AdminInt,BAKAN YARDIMCILIKLARI,Administration,İl Sağlık Müdürlüğü SAĞLIK BAKANLIĞI BAKAN YARDIMCILIKLARI,DELEGUE
Administration,İl Sağlık Müdürlüğü SAĞLIK BAKANLIĞI BAKAN YARDIMCILIKLARI,Project,2023/1298131,A_ATTRIBUE
Project,2023/1298131,Procedure,Yapım - Pazarlık - Pazarlık (MD 21 B),UTILISE_PROCÉDURE
AdminSup,SAĞLIK BAKANLIĞI,AdminInt,BAKAN YARDIMCILIKLARI,SUPERVISE
AdminInt,BAKAN YARDIMCILIKLARI,Administration,İl Sağlık Müdürlüğü SAĞLIK BAKANLIĞI BAKAN YARDIMCILIKLARI,DELEGUE
Administration,İl Sağlık Müdürlüğü SAĞLIK BAKANLIĞI BAKAN YARDIMCILIKLARI,Project,2023/1246123,A_ATTRIBUE
Project,2023/1246123,Procedure,Yapım - Pazarlık - Pazarlık (MD 21 B),UTILISE_PROCÉDURE
AdminSup,SAĞLIK BAKANLIĞI,AdminInt,BAKAN YARDIMCILIKLARI,SUPERVISE
AdminInt,BAKAN YARDIMCILIKLARI,Administration,İl Sağlık Müdürlüğü SAĞLIK BAKANLIĞI BAKAN YARDIMCILIKLARI,DELEGUE
Administration,İl Sağlık Müdürlüğü SAĞLIK BAKANLIĞI BAKAN YARDIMCILIKLARI,Project,2023/1270589,A_ATTRIBUE
Project,2023/1270589,Procedure,Yapım - Pazarlık - Pazarlık (MD 21 B),UTILISE_PROCÉDURE
AdminSup,SAĞLIK BAKANLIĞI,AdminInt,BAKAN YARDIMCILIKLARI,SUPERVISE
AdminInt,BAKAN YARDIMCILIKLARI,Administration,İl Sağlık Müdürlüğü SAĞLIK BAKANLIĞI BAKAN YARDIMCILIKLARI,DELEGUE
Administration,İl Sağlık Müdürlüğü SAĞLIK BAKANLIĞI BAKAN YARDIMCILIKLARI,Project,2023/1234067,A_ATTRIBUE
Project,2023/1234067,Procedure,Yapım - Pazarlık - Pazarlık (MD 21 B),UTILISE_PROCÉDURE
AdminSup,SAĞLIK BAKANLIĞI,AdminInt,BAKAN YARDIMCILIKLARI,SUPERVISE
AdminInt,BAKAN YARDIMCILIKLARI,Administration,İl Sağlık Müdürlüğü SAĞLIK BAKANLIĞI BAKAN YARDIMCILIKLARI,DELEGUE
Administration,İl Sağlık Müdürlüğü SAĞLIK BAKANLIĞI BAKAN YARDIMCILIKLARI,Project,2023/1034246,A_ATTRIBUE
Project,2023/1034246,Procedure,Yapım - Pazarlık - Pazarlık (MD 21 B),UTILISE_PROCÉDURE
AdminSup,YATIRIM İZLEME VE KOORDİNASYON BAŞKANLIKLARI,AdminInt,HATAY YATIRIM İZLEME VE KOORDİNASYON BAŞKANLIĞI,SUPERVISE
AdminInt,HATAY YATIRIM İZLEME VE KOORDİNASYON BAŞKANLIĞI,Administration,YATIRIM İZLEME MÜDÜRLÜĞÜ YATIRIM İZLEME VE KOORDİNASYON BAŞKANLIKLARI HATAY YATIRIM İZLEME VE KOORDİNASYON BAŞKANLIĞI,DELEGUE
Administration,YATIRIM İZLEME MÜDÜRLÜĞÜ YATIRIM İZLEME VE KOORDİNASYON BAŞKANLIKLARI HATAY YATIRIM İZLEME VE KOORDİNASYON BAŞKANLIĞI,Project,2023/1041811,A_ATTRIBUE
Project,2023/1041811,Procedure,Yapım - Pazarlık - Pazarlık (MD 21 B),UTILISE_PROCÉDURE
AdminSup,YATIRIM İZLEME VE KOORDİNASYON BAŞKANLIKLARI,AdminInt,HATAY YATIRIM İZLEME VE KOORDİNASYON BAŞKANLIĞI,SUPERVISE
AdminInt,HATAY YATIRIM İZLEME VE KOORDİNASYON BAŞKANLIĞI,Administration,YATIRIM İZLEME MÜDÜRLÜĞÜ YATIRIM İZLEME VE KOORDİNASYON BAŞKANLIKLARI HATAY YATIRIM İZLEME VE KOORDİNASYON BAŞKANLIĞI,DELEGUE
Administration,YATIRIM İZLEME MÜDÜRLÜĞÜ YATIRIM İZLEME VE KOORDİNASYON BAŞKANLIKLARI HATAY YATIRIM İZLEME VE KOORDİNASYON BAŞKANLIĞI,Project,2023/1070212,A_ATTRIBUE
Project,2023/1070212,Procedure,Yapım - Pazarlık - Pazarlık (MD 21 B),UTILISE_PROCÉDURE
AdminSup,YATIRIM İZLEME VE KOORDİNASYON BAŞKANLIKLARI,AdminInt,HATAY YATIRIM İZLEME VE KOORDİNASYON BAŞKANLIĞI,SUPERVISE
AdminInt,HATAY YATIRIM İZLEME VE KOORDİNASYON BAŞKANLIĞI,Administration,YATIRIM İZLEME MÜDÜRLÜĞÜ YATIRIM İZLEME VE KOORDİNASYON BAŞKANLIKLARI HATAY YATIRIM İZLEME VE KOORDİNASYON BAŞKANLIĞI,DELEGUE
Administration,YATIRIM İZLEME MÜDÜRLÜĞÜ YATIRIM İZLEME VE KOORDİNASYON BAŞKANLIKLARI HATAY YATIRIM İZLEME VE KOORDİNASYON BAŞKANLIĞI,Project,2023/1066829,A_ATTRIBUE
Project,2023/1066829,Procedure,Yapım - Pazarlık - Pazarlık (MD 21 B),UTILISE_PROCÉDURE
AdminInt,BELEDİYELER,Administration,PAYAS BELEDİYESİ FEN İŞLERİ MÜDÜRLÜĞÜ,DELEGUE
Administration,PAYAS BELEDİYESİ FEN İŞLERİ MÜDÜRLÜĞÜ,Project,2023/1077422,A_ATTRIBUE
Project,2023/1077422,Procedure,Yapım - Pazarlık - Pazarlık (MD 21 B),UTILISE_PROCÉDURE
AdminSup,MİLLİ EĞİTİM BAKANLIĞI,AdminInt,BAKAN YARDIMCILIKLARI,SUPERVISE
AdminInt,BAKAN YARDIMCILIKLARI,Administration,Hatay İl Milli Eğitim Müdürlüğü- MİLLİ EĞİTİM BAKANLIĞI BAKAN YARDIMCILIKLARI,DELEGUE
Administration,Hatay İl Milli Eğitim Müdürlüğü- MİLLİ EĞİTİM BAKANLIĞI BAKAN YARDIMCILIKLARI,Project,2023/1052479,A_ATTRIBUE
Project,2023/1052479,Procedure,Yapım - Pazarlık - Pazarlık (MD 21 B),UTILISE_PROCÉDURE
AdminSup,MİLLİ EĞİTİM BAKANLIĞI,AdminInt,BAKAN YARDIMCILIKLARI,SUPERVISE
AdminInt,BAKAN YARDIMCILIKLARI,Administration,Hatay İl Milli Eğitim Müdürlüğü- MİLLİ EĞİTİM BAKANLIĞI BAKAN YARDIMCILIKLARI,DELEGUE
Administration,Hatay İl Milli Eğitim Müdürlüğü- MİLLİ EĞİTİM BAKANLIĞI BAKAN YARDIMCILIKLARI,Project,2023/1052379,A_ATTRIBUE
Project,2023/1052379,Procedure,Yapım - Pazarlık - Pazarlık (MD 21 B),UTILISE_PROCÉDURE
AdminSup,MİLLİ SAVUNMA BAKANLIĞI,AdminInt,MSB BAĞLILARI,SUPERVISE
AdminInt,MSB BAĞLILARI,Administration,8.KOMANDO TUGAY KOMUTANLIĞI MİLLİ SAVUNMA BAKANLIĞI MSB BAĞLILARI,DELEGUE
Administration,8.KOMANDO TUGAY KOMUTANLIĞI MİLLİ SAVUNMA BAKANLIĞI MSB BAĞLILARI,Project,2023/1035187,A_ATTRIBUE
Project,2023/1035187,Procedure,Yapım - Pazarlık - Pazarlık (MD 21 B),UTILISE_PROCÉDURE
AdminSup,MİLLİ SAVUNMA BAKANLIĞI,AdminInt,MSB BAĞLILARI,SUPERVISE
AdminInt,MSB BAĞLILARI,Administration,8.KOMANDO TUGAY KOMUTANLIĞI MİLLİ SAVUNMA BAKANLIĞI MSB BAĞLILARI,DELEGUE
Administration,8.KOMANDO TUGAY KOMUTANLIĞI MİLLİ SAVUNMA BAKANLIĞI MSB BAĞLILARI,Project,2023/1033838,A_ATTRIBUE
Project,2023/1033838,Procedure,Yapım - Pazarlık - Pazarlık (MD 21 B),UTILISE_PROCÉDURE
AdminSup,YÜKSEKÖĞRETİM KURUMLARI,AdminInt,HATAY MUSTAFA KEMAL ÜNİVERSİTESİ,SUPERVISE
AdminInt,HATAY MUSTAFA KEMAL ÜNİVERSİTESİ,Administration,Yapı İşleri ve Teknik Daire Başkanlığı YÜKSEKÖĞRETİM KURUMLARI HATAY MUSTAFA KEMAL ÜNİVERSİTESİ,DELEGUE
Administration,Yapı İşleri ve Teknik Daire Başkanlığı YÜKSEKÖĞRETİM KURUMLARI HATAY MUSTAFA KEMAL ÜNİVERSİTESİ,Project,2023/1018058,A_ATTRIBUE
Project,2023/1018058,Procedure,Yapım - Pazarlık - Pazarlık (MD 21 B),UTILISE_PROCÉDURE
AdminSup,DİĞER ÖZEL BÜTÇELİ KURULUŞLAR,AdminInt,ORMAN GENEL MÜDÜRLÜĞÜ,SUPERVISE
AdminInt,ORMAN GENEL MÜDÜRLÜĞÜ,Administration,Orman İşletme Müdürlüğü-Antakya DİĞER ÖZEL BÜTÇELİ KURULUŞLAR ORMAN GENEL MÜDÜRLÜĞÜ,DELEGUE
Administration,Orman İşletme Müdürlüğü-Antakya DİĞER ÖZEL BÜTÇELİ KURULUŞLAR ORMAN GENEL MÜDÜRLÜĞÜ,Project,2023/1000357,A_ATTRIBUE
Project,2023/1000357,Procedure,Yapım - Pazarlık - Pazarlık (MD 21 B),UTILISE_PROCÉDURE
AdminSup,SOSYAL GÜVENLİK KURUMLARI,AdminInt,Türkiye İş Kurumu Genel Müdürlüğü,SUPERVISE
AdminInt,Türkiye İş Kurumu Genel Müdürlüğü,Administration,Hatay (Antakya) Çalışma ve İş Kurumu İl Müdürlüğü,DELEGUE
Administration,Hatay (Antakya) Çalışma ve İş Kurumu İl Müdürlüğü,Project,2023/998295,A_ATTRIBUE
Project,2023/998295,Procedure,Yapım - Pazarlık - Pazarlık (MD 21 B),UTILISE_PROCÉDURE
AdminSup,YÜKSEKÖĞRETİM KURUMLARI,AdminInt,HATAY MUSTAFA KEMAL ÜNİVERSİTESİ,SUPERVISE
AdminInt,HATAY MUSTAFA KEMAL ÜNİVERSİTESİ,Administration,Yapı İşleri ve Teknik Daire Başkanlığı YÜKSEKÖĞRETİM KURUMLARI HATAY MUSTAFA KEMAL ÜNİVERSİTESİ,DELEGUE
Administration,Yapı İşleri ve Teknik Daire Başkanlığı YÜKSEKÖĞRETİM KURUMLARI HATAY MUSTAFA KEMAL ÜNİVERSİTESİ,Project,2023/971510,A_ATTRIBUE
Project,2023/971510,Procedure,Yapım - Pazarlık - Pazarlık (MD 21 B),UTILISE_PROCÉDURE
AdminSup,"ÇEVRE, ŞEHİRCİLİK VE İKLİM DEĞİŞİKLİĞİ BAKANLIĞI",AdminInt,BAKAN YARDIMCILIKLARI,SUPERVISE
AdminInt,BAKAN YARDIMCILIKLARI,Administration,"HATAY ÇEVRE, ŞEHİRCİLİK VE İKLİM DEĞİŞİKLİĞİ İL MÜDÜRLÜĞÜ ÇEVRE, ŞEHİRCİLİK VE İKLİM DEĞİŞİKLİĞİ BAKANLIĞI BAKAN YARDIMCILIKLARI",DELEGUE
Administration,"HATAY ÇEVRE, ŞEHİRCİLİK VE İKLİM DEĞİŞİKLİĞİ İL MÜDÜRLÜĞÜ ÇEVRE, ŞEHİRCİLİK VE İKLİM DEĞİŞİKLİĞİ BAKANLIĞI BAKAN YARDIMCILIKLARI",Project,2023/989385,A_ATTRIBUE
Project,2023/989385,Procedure,Yapım - Pazarlık - Pazarlık (MD 21 B),UTILISE_PROCÉDURE
AdminSup,DİĞER ÖZEL BÜTÇELİ KURULUŞLAR,AdminInt,ORMAN GENEL MÜDÜRLÜĞÜ,SUPERVISE
AdminInt,ORMAN GENEL MÜDÜRLÜĞÜ,Administration,İskenderun Orman İşletme Müdürlüğü DİĞER ÖZEL BÜTÇELİ KURULUŞLAR ORMAN GENEL MÜDÜRLÜĞÜ,DELEGUE
Administration,İskenderun Orman İşletme Müdürlüğü DİĞER ÖZEL BÜTÇELİ KURULUŞLAR ORMAN GENEL MÜDÜRLÜĞÜ,Project,2023/983826,A_ATTRIBUE
Project,2023/983826,Procedure,Yapım - Pazarlık - Pazarlık (MD 21 B),UTILISE_PROCÉDURE
AdminInt,BELEDİYELER,Administration,HATAY BÜYÜKŞEHİR BELEDİYESİ SATIN ALMA DAİRESİ BAŞKANLIĞI,DELEGUE
Administration,HATAY BÜYÜKŞEHİR BELEDİYESİ SATIN ALMA DAİRESİ BAŞKANLIĞI,Project,2023/981062,A_ATTRIBUE
Project,2023/981062,Procedure,Yapım - Pazarlık - Pazarlık (MD 21 B),UTILISE_PROCÉDURE
AdminInt,BELEDİYELER,Administration,HATAY BÜYÜKŞEHİR BELEDİYESİ SATIN ALMA DAİRESİ BAŞKANLIĞI,DELEGUE
Administration,HATAY BÜYÜKŞEHİR BELEDİYESİ SATIN ALMA DAİRESİ BAŞKANLIĞI,Project,2023/945294,A_ATTRIBUE
Project,2023/945294,Procedure,Yapım - Pazarlık - Pazarlık (MD 21 B),UTILISE_PROCÉDURE
AdminSup,YÜKSEKÖĞRETİM KURUMLARI,AdminInt,HATAY MUSTAFA KEMAL ÜNİVERSİTESİ,SUPERVISE
AdminInt,HATAY MUSTAFA KEMAL ÜNİVERSİTESİ,Administration,Yapı İşleri ve Teknik Daire Başkanlığı YÜKSEKÖĞRETİM KURUMLARI HATAY MUSTAFA KEMAL ÜNİVERSİTESİ,DELEGUE
Administration,Yapı İşleri ve Teknik Daire Başkanlığı YÜKSEKÖĞRETİM KURUMLARI HATAY MUSTAFA KEMAL ÜNİVERSİTESİ,Project,2023/950893,A_ATTRIBUE
Project,2023/950893,Procedure,Yapım - Pazarlık - Pazarlık (MD 21 B),UTILISE_PROCÉDURE
AdminSup,MİLLİ EĞİTİM BAKANLIĞI,AdminInt,BAKAN YARDIMCILIKLARI,SUPERVISE
AdminInt,BAKAN YARDIMCILIKLARI,Administration,Hatay İl Milli Eğitim Müdürlüğü- MİLLİ EĞİTİM BAKANLIĞI BAKAN YARDIMCILIKLARI,DELEGUE
Administration,Hatay İl Milli Eğitim Müdürlüğü- MİLLİ EĞİTİM BAKANLIĞI BAKAN YARDIMCILIKLARI,Project,2023/973335,A_ATTRIBUE
Project,2023/973335,Procedure,Yapım - Pazarlık - Pazarlık (MD 21 B),UTILISE_PROCÉDURE
AdminSup,MİLLİ EĞİTİM BAKANLIĞI,AdminInt,BAKAN YARDIMCILIKLARI,SUPERVISE
AdminInt,BAKAN YARDIMCILIKLARI,Administration,Hatay İl Milli Eğitim Müdürlüğü- MİLLİ EĞİTİM BAKANLIĞI BAKAN YARDIMCILIKLARI,DELEGUE
Administration,Hatay İl Milli Eğitim Müdürlüğü- MİLLİ EĞİTİM BAKANLIĞI BAKAN YARDIMCILIKLARI,Project,2023/960953,A_ATTRIBUE
Project,2023/960953,Procedure,Yapım - Pazarlık - Pazarlık (MD 21 B),UTILISE_PROCÉDURE
AdminSup,MİLLİ EĞİTİM BAKANLIĞI,AdminInt,BAKAN YARDIMCILIKLARI,SUPERVISE
AdminInt,BAKAN YARDIMCILIKLARI,Administration,Hatay İl Milli Eğitim Müdürlüğü- MİLLİ EĞİTİM BAKANLIĞI BAKAN YARDIMCILIKLARI,DELEGUE
Administration,Hatay İl Milli Eğitim Müdürlüğü- MİLLİ EĞİTİM BAKANLIĞI BAKAN YARDIMCILIKLARI,Project,2023/959801,A_ATTRIBUE
Project,2023/959801,Procedure,Yapım - Pazarlık - Pazarlık (MD 21 B),UTILISE_PROCÉDURE
AdminSup,DİĞER ÖZEL BÜTÇELİ KURULUŞLAR,AdminInt,VAKIFLAR GENEL MÜDÜRLÜĞÜ,SUPERVISE
AdminInt,VAKIFLAR GENEL MÜDÜRLÜĞÜ,Administration,Vakıflar Bölge Müdürlüğü-Hatay DİĞER ÖZEL BÜTÇELİ KURULUŞLAR VAKIFLAR GENEL MÜDÜRLÜĞÜ,DELEGUE
Administration,Vakıflar Bölge Müdürlüğü-Hatay DİĞER ÖZEL BÜTÇELİ KURULUŞLAR VAKIFLAR GENEL MÜDÜRLÜĞÜ,Project,2023/923508,A_ATTRIBUE
Project,2023/923508,Procedure,Yapım - Pazarlık - Pazarlık (MD 21 B),UTILISE_PROCÉDURE
AdminSup,YÜKSEKÖĞRETİM KURUMLARI,AdminInt,HATAY MUSTAFA KEMAL ÜNİVERSİTESİ,SUPERVISE
AdminInt,HATAY MUSTAFA KEMAL ÜNİVERSİTESİ,Administration,Yapı İşleri ve Teknik Daire Başkanlığı YÜKSEKÖĞRETİM KURUMLARI HATAY MUSTAFA KEMAL ÜNİVERSİTESİ,DELEGUE
Administration,Yapı İşleri ve Teknik Daire Başkanlığı YÜKSEKÖĞRETİM KURUMLARI HATAY MUSTAFA KEMAL ÜNİVERSİTESİ,Project,2023/910467,A_ATTRIBUE
Project,2023/910467,Procedure,Yapım - Pazarlık - Pazarlık (MD 21 B),UTILISE_PROCÉDURE
AdminSup,GENÇLİK VE SPOR İL MÜDÜRLÜKLERİ,AdminInt,GENÇLİK VE SPOR İL MÜDÜRLÜĞÜ,SUPERVISE
AdminInt,GENÇLİK VE SPOR İL MÜDÜRLÜĞÜ,Administration,HATAY GENÇLİK VE SPOR İL MÜDÜRLÜĞÜ GENÇLİK VE SPOR İL MÜDÜRLÜKLERİ GENÇLİK VE SPOR İL MÜDÜRLÜĞÜ,DELEGUE
Administration,HATAY GENÇLİK VE SPOR İL MÜDÜRLÜĞÜ GENÇLİK VE SPOR İL MÜDÜRLÜKLERİ GENÇLİK VE SPOR İL MÜDÜRLÜĞÜ,Project,2023/923234,A_ATTRIBUE
Project,2023/923234,Procedure,Yapım - Pazarlık - Pazarlık (MD 21 B),UTILISE_PROCÉDURE
AdminSup,YATIRIM İZLEME VE KOORDİNASYON BAŞKANLIKLARI,AdminInt,HATAY YATIRIM İZLEME VE KOORDİNASYON BAŞKANLIĞI,SUPERVISE
AdminInt,HATAY YATIRIM İZLEME VE KOORDİNASYON BAŞKANLIĞI,Administration,YATIRIM İZLEME MÜDÜRLÜĞÜ YATIRIM İZLEME VE KOORDİNASYON BAŞKANLIKLARI HATAY YATIRIM İZLEME VE KOORDİNASYON BAŞKANLIĞI,DELEGUE
Administration,YATIRIM İZLEME MÜDÜRLÜĞÜ YATIRIM İZLEME VE KOORDİNASYON BAŞKANLIKLARI HATAY YATIRIM İZLEME VE KOORDİNASYON BAŞKANLIĞI,Project,2023/927499,A_ATTRIBUE
Project,2023/927499,Procedure,Yapım - Pazarlık - Pazarlık (MD 21 B),UTILISE_PROCÉDURE
AdminSup,YATIRIM İZLEME VE KOORDİNASYON BAŞKANLIKLARI,AdminInt,HATAY YATIRIM İZLEME VE KOORDİNASYON BAŞKANLIĞI,SUPERVISE
AdminInt,HATAY YATIRIM İZLEME VE KOORDİNASYON BAŞKANLIĞI,Administration,YATIRIM İZLEME MÜDÜRLÜĞÜ YATIRIM İZLEME VE KOORDİNASYON BAŞKANLIKLARI HATAY YATIRIM İZLEME VE KOORDİNASYON BAŞKANLIĞI,DELEGUE
Administration,YATIRIM İZLEME MÜDÜRLÜĞÜ YATIRIM İZLEME VE KOORDİNASYON BAŞKANLIKLARI HATAY YATIRIM İZLEME VE KOORDİNASYON BAŞKANLIĞI,Project,2023/745796,A_ATTRIBUE
Project,2023/745796,Procedure,Yapım - Pazarlık - Pazarlık (MD 21 B),UTILISE_PROCÉDURE
AdminSup,YATIRIM İZLEME VE KOORDİNASYON BAŞKANLIKLARI,AdminInt,HATAY YATIRIM İZLEME VE KOORDİNASYON BAŞKANLIĞI,SUPERVISE
AdminInt,HATAY YATIRIM İZLEME VE KOORDİNASYON BAŞKANLIĞI,Administration,YATIRIM İZLEME MÜDÜRLÜĞÜ YATIRIM İZLEME VE KOORDİNASYON BAŞKANLIKLARI HATAY YATIRIM İZLEME VE KOORDİNASYON BAŞKANLIĞI,DELEGUE
Administration,YATIRIM İZLEME MÜDÜRLÜĞÜ YATIRIM İZLEME VE KOORDİNASYON BAŞKANLIKLARI HATAY YATIRIM İZLEME VE KOORDİNASYON BAŞKANLIĞI,Project,2023/928953,A_ATTRIBUE
Project,2023/928953,Procedure,Yapım - Pazarlık - Pazarlık (MD 21 B),UTILISE_PROCÉDURE
AdminInt,BELEDİYELER,Administration,ANTAKYA BELEDİYESİ FEN İŞLERİ MÜDÜRLÜĞÜ,DELEGUE
Administration,ANTAKYA BELEDİYESİ FEN İŞLERİ MÜDÜRLÜĞÜ,Project,2023/875353,A_ATTRIBUE
Project,2023/875353,Procedure,Yapım - Pazarlık - Pazarlık (MD 21 B),UTILISE_PROCÉDURE
AdminSup,YATIRIM İZLEME VE KOORDİNASYON BAŞKANLIKLARI,AdminInt,HATAY YATIRIM İZLEME VE KOORDİNASYON BAŞKANLIĞI,SUPERVISE
AdminInt,HATAY YATIRIM İZLEME VE KOORDİNASYON BAŞKANLIĞI,Administration,YATIRIM İZLEME MÜDÜRLÜĞÜ YATIRIM İZLEME VE KOORDİNASYON BAŞKANLIKLARI HATAY YATIRIM İZLEME VE KOORDİNASYON BAŞKANLIĞI,DELEGUE
Administration,YATIRIM İZLEME MÜDÜRLÜĞÜ YATIRIM İZLEME VE KOORDİNASYON BAŞKANLIKLARI HATAY YATIRIM İZLEME VE KOORDİNASYON BAŞKANLIĞI,Project,2023/892049,A_ATTRIBUE
Project,2023/892049,Procedure,Yapım - Pazarlık - Pazarlık (MD 21 B),UTILISE_PROCÉDURE
AdminSup,YATIRIM İZLEME VE KOORDİNASYON BAŞKANLIKLARI,AdminInt,HATAY YATIRIM İZLEME VE KOORDİNASYON BAŞKANLIĞI,SUPERVISE
AdminInt,HATAY YATIRIM İZLEME VE KOORDİNASYON BAŞKANLIĞI,Administration,YATIRIM İZLEME MÜDÜRLÜĞÜ YATIRIM İZLEME VE KOORDİNASYON BAŞKANLIKLARI HATAY YATIRIM İZLEME VE KOORDİNASYON BAŞKANLIĞI,DELEGUE
Administration,YATIRIM İZLEME MÜDÜRLÜĞÜ YATIRIM İZLEME VE KOORDİNASYON BAŞKANLIKLARI HATAY YATIRIM İZLEME VE KOORDİNASYON BAŞKANLIĞI,Project,2023/890572,A_ATTRIBUE
Project,2023/890572,Procedure,Yapım - Pazarlık - Pazarlık (MD 21 B),UTILISE_PROCÉDURE
AdminSup,MİLLİ EĞİTİM BAKANLIĞI,AdminInt,BAKAN YARDIMCILIKLARI,SUPERVISE
AdminInt,BAKAN YARDIMCILIKLARI,Administration,Hatay İl Milli Eğitim Müdürlüğü- MİLLİ EĞİTİM BAKANLIĞI BAKAN YARDIMCILIKLARI,DELEGUE
Administration,Hatay İl Milli Eğitim Müdürlüğü- MİLLİ EĞİTİM BAKANLIĞI BAKAN YARDIMCILIKLARI,Project,2023/915397,A_ATTRIBUE
Project,2023/915397,Procedure,Yapım - Pazarlık - Pazarlık (MD 21 B),UTILISE_PROCÉDURE
AdminSup,YATIRIM İZLEME VE KOORDİNASYON BAŞKANLIKLARI,AdminInt,HATAY YATIRIM İZLEME VE KOORDİNASYON BAŞKANLIĞI,SUPERVISE
AdminInt,HATAY YATIRIM İZLEME VE KOORDİNASYON BAŞKANLIĞI,Administration,YATIRIM İZLEME MÜDÜRLÜĞÜ YATIRIM İZLEME VE KOORDİNASYON BAŞKANLIKLARI HATAY YATIRIM İZLEME VE KOORDİNASYON BAŞKANLIĞI,DELEGUE
Administration,YATIRIM İZLEME MÜDÜRLÜĞÜ YATIRIM İZLEME VE KOORDİNASYON BAŞKANLIKLARI HATAY YATIRIM İZLEME VE KOORDİNASYON BAŞKANLIĞI,Project,2023/903911,A_ATTRIBUE
Project,2023/903911,Procedure,Yapım - Pazarlık - Pazarlık (MD 21 B),UTILISE_PROCÉDURE
AdminSup,YATIRIM İZLEME VE KOORDİNASYON BAŞKANLIKLARI,AdminInt,HATAY YATIRIM İZLEME VE KOORDİNASYON BAŞKANLIĞI,SUPERVISE
AdminInt,HATAY YATIRIM İZLEME VE KOORDİNASYON BAŞKANLIĞI,Administration,YATIRIM İZLEME MÜDÜRLÜĞÜ YATIRIM İZLEME VE KOORDİNASYON BAŞKANLIKLARI HATAY YATIRIM İZLEME VE KOORDİNASYON BAŞKANLIĞI,DELEGUE
Administration,YATIRIM İZLEME MÜDÜRLÜĞÜ YATIRIM İZLEME VE KOORDİNASYON BAŞKANLIKLARI HATAY YATIRIM İZLEME VE KOORDİNASYON BAŞKANLIĞI,Project,2023/899898,A_ATTRIBUE
Project,2023/899898,Procedure,Yapım - Pazarlık - Pazarlık (MD 21 B),UTILISE_PROCÉDURE
AdminSup,"ÇEVRE, ŞEHİRCİLİK VE İKLİM DEĞİŞİKLİĞİ BAKANLIĞI",AdminInt,METEOROLOJİ GENEL MÜDÜRLÜĞÜ,SUPERVISE
AdminInt,METEOROLOJİ GENEL MÜDÜRLÜĞÜ,Administration,"HATAY METEOROLOJİ MÜDÜRLÜĞÜ ÇEVRE, ŞEHİRCİLİK VE İKLİM DEĞİŞİKLİĞİ BAKANLIĞI",DELEGUE
Administration,"HATAY METEOROLOJİ MÜDÜRLÜĞÜ ÇEVRE, ŞEHİRCİLİK VE İKLİM DEĞİŞİKLİĞİ BAKANLIĞI",Project,2023/851471,A_ATTRIBUE
Project,2023/851471,Procedure,Yapım - Pazarlık - Pazarlık (MD 21 B),UTILISE_PROCÉDURE
AdminSup,MİLLİ EĞİTİM BAKANLIĞI,AdminInt,BAKAN YARDIMCILIKLARI,SUPERVISE
AdminInt,BAKAN YARDIMCILIKLARI,Administration,Hatay İl Milli Eğitim Müdürlüğü- MİLLİ EĞİTİM BAKANLIĞI BAKAN YARDIMCILIKLARI,DELEGUE
Administration,Hatay İl Milli Eğitim Müdürlüğü- MİLLİ EĞİTİM BAKANLIĞI BAKAN YARDIMCILIKLARI,Project,2023/890769,A_ATTRIBUE
Project,2023/890769,Procedure,Yapım - Pazarlık - Pazarlık (MD 21 B),UTILISE_PROCÉDURE
AdminInt,BELEDİYELER,Administration,ALTINÖZÜ BELEDİYESİ,DELEGUE
Administration,ALTINÖZÜ BELEDİYESİ,Project,2023/883364,A_ATTRIBUE
Project,2023/883364,Procedure,Yapım - Pazarlık - Pazarlık (MD 21 B),UTILISE_PROCÉDURE
AdminInt,BELEDİYELER,Administration,PAYAS BELEDİYESİ FEN İŞLERİ MÜDÜRLÜĞÜ,DELEGUE
Administration,PAYAS BELEDİYESİ FEN İŞLERİ MÜDÜRLÜĞÜ,Project,2023/826518,A_ATTRIBUE
Project,2023/826518,Procedure,Yapım - Pazarlık - Pazarlık (MD 21 B),UTILISE_PROCÉDURE
AdminSup,MİLLİ EĞİTİM BAKANLIĞI,AdminInt,BAKAN YARDIMCILIKLARI,SUPERVISE
AdminInt,BAKAN YARDIMCILIKLARI,Administration,Hatay İl Milli Eğitim Müdürlüğü- MİLLİ EĞİTİM BAKANLIĞI BAKAN YARDIMCILIKLARI,DELEGUE
Administration,Hatay İl Milli Eğitim Müdürlüğü- MİLLİ EĞİTİM BAKANLIĞI BAKAN YARDIMCILIKLARI,Project,2023/871047,A_ATTRIBUE
Project,2023/871047,Procedure,Yapım - Pazarlık - Pazarlık (MD 21 B),UTILISE_PROCÉDURE
AdminSup,YATIRIM İZLEME VE KOORDİNASYON BAŞKANLIKLARI,AdminInt,HATAY YATIRIM İZLEME VE KOORDİNASYON BAŞKANLIĞI,SUPERVISE
AdminInt,HATAY YATIRIM İZLEME VE KOORDİNASYON BAŞKANLIĞI,Administration,YATIRIM İZLEME MÜDÜRLÜĞÜ YATIRIM İZLEME VE KOORDİNASYON BAŞKANLIKLARI HATAY YATIRIM İZLEME VE KOORDİNASYON BAŞKANLIĞI,DELEGUE
Administration,YATIRIM İZLEME MÜDÜRLÜĞÜ YATIRIM İZLEME VE KOORDİNASYON BAŞKANLIKLARI HATAY YATIRIM İZLEME VE KOORDİNASYON BAŞKANLIĞI,Project,2023/820282,A_ATTRIBUE
Project,2023/820282,Procedure,Yapım - Pazarlık - Pazarlık (MD 21 B),UTILISE_PROCÉDURE
AdminSup,MİLLİ EĞİTİM BAKANLIĞI,AdminInt,BAKAN YARDIMCILIKLARI,SUPERVISE
AdminInt,BAKAN YARDIMCILIKLARI,Administration,Hatay İl Milli Eğitim Müdürlüğü- MİLLİ EĞİTİM BAKANLIĞI BAKAN YARDIMCILIKLARI,DELEGUE
Administration,Hatay İl Milli Eğitim Müdürlüğü- MİLLİ EĞİTİM BAKANLIĞI BAKAN YARDIMCILIKLARI,Project,2023/848564,A_ATTRIBUE
Project,2023/848564,Procedure,Yapım - Pazarlık - Pazarlık (MD 21 B),UTILISE_PROCÉDURE
AdminInt,BELEDİYELER,Administration,HATAY BÜYÜKŞEHİR BELEDİYESİ SATIN ALMA DAİRESİ BAŞKANLIĞI,DELEGUE
Administration,HATAY BÜYÜKŞEHİR BELEDİYESİ SATIN ALMA DAİRESİ BAŞKANLIĞI,Project,2023/836407,A_ATTRIBUE
Project,2023/836407,Procedure,Yapım - Pazarlık - Pazarlık (MD 21 B),UTILISE_PROCÉDURE
AdminSup,"ÇEVRE, ŞEHİRCİLİK VE İKLİM DEĞİŞİKLİĞİ BAKANLIĞI",AdminInt,METEOROLOJİ GENEL MÜDÜRLÜĞÜ,SUPERVISE
AdminInt,METEOROLOJİ GENEL MÜDÜRLÜĞÜ,Administration,"HATAY METEOROLOJİ MÜDÜRLÜĞÜ ÇEVRE, ŞEHİRCİLİK VE İKLİM DEĞİŞİKLİĞİ BAKANLIĞI",DELEGUE
Administration,"HATAY METEOROLOJİ MÜDÜRLÜĞÜ ÇEVRE, ŞEHİRCİLİK VE İKLİM DEĞİŞİKLİĞİ BAKANLIĞI",Project,2023/832552,A_ATTRIBUE
Project,2023/832552,Procedure,Yapım - Pazarlık - Pazarlık (MD 21 B),UTILISE_PROCÉDURE
AdminSup,TARIM VE ORMAN BAKANLIĞI,AdminInt,BAKAN YARDIMCILIKLARI,SUPERVISE
AdminInt,BAKAN YARDIMCILIKLARI,Administration,Tarım ve Orman Bakanlığı İl Müdürlüğü TARIM VE ORMAN BAKANLIĞI BAKAN YARDIMCILIKLARI,DELEGUE
Administration,Tarım ve Orman Bakanlığı İl Müdürlüğü TARIM VE ORMAN BAKANLIĞI BAKAN YARDIMCILIKLARI,Project,2023/817575,A_ATTRIBUE
Project,2023/817575,Procedure,Yapım - Pazarlık - Pazarlık (MD 21 B),UTILISE_PROCÉDURE
AdminSup,MİLLİ EĞİTİM BAKANLIĞI,AdminInt,BAKAN YARDIMCILIKLARI,SUPERVISE
AdminInt,BAKAN YARDIMCILIKLARI,Administration,Hatay İl Milli Eğitim Müdürlüğü- MİLLİ EĞİTİM BAKANLIĞI BAKAN YARDIMCILIKLARI,DELEGUE
Administration,Hatay İl Milli Eğitim Müdürlüğü- MİLLİ EĞİTİM BAKANLIĞI BAKAN YARDIMCILIKLARI,Project,2023/817346,A_ATTRIBUE
Project,2023/817346,Procedure,Yapım - Pazarlık - Pazarlık (MD 21 B),UTILISE_PROCÉDURE
AdminSup,MİLLİ EĞİTİM BAKANLIĞI,AdminInt,BAKAN YARDIMCILIKLARI,SUPERVISE
AdminInt,BAKAN YARDIMCILIKLARI,Administration,Hatay İl Milli Eğitim Müdürlüğü- MİLLİ EĞİTİM BAKANLIĞI BAKAN YARDIMCILIKLARI,DELEGUE
Administration,Hatay İl Milli Eğitim Müdürlüğü- MİLLİ EĞİTİM BAKANLIĞI BAKAN YARDIMCILIKLARI,Project,2023/794591,A_ATTRIBUE
Project,2023/794591,Procedure,Yapım - Pazarlık - Pazarlık (MD 21 B),UTILISE_PROCÉDURE
AdminSup,MİLLİ EĞİTİM BAKANLIĞI,AdminInt,BAKAN YARDIMCILIKLARI,SUPERVISE
AdminInt,BAKAN YARDIMCILIKLARI,Administration,Hatay İl Milli Eğitim Müdürlüğü- MİLLİ EĞİTİM BAKANLIĞI BAKAN YARDIMCILIKLARI,DELEGUE
Administration,Hatay İl Milli Eğitim Müdürlüğü- MİLLİ EĞİTİM BAKANLIĞI BAKAN YARDIMCILIKLARI,Project,2023/791244,A_ATTRIBUE
Project,2023/791244,Procedure,Yapım - Pazarlık - Pazarlık (MD 21 B),UTILISE_PROCÉDURE
AdminSup,YATIRIM İZLEME VE KOORDİNASYON BAŞKANLIKLARI,AdminInt,HATAY YATIRIM İZLEME VE KOORDİNASYON BAŞKANLIĞI,SUPERVISE
AdminInt,HATAY YATIRIM İZLEME VE KOORDİNASYON BAŞKANLIĞI,Administration,YATIRIM İZLEME MÜDÜRLÜĞÜ YATIRIM İZLEME VE KOORDİNASYON BAŞKANLIKLARI HATAY YATIRIM İZLEME VE KOORDİNASYON BAŞKANLIĞI,DELEGUE
Administration,YATIRIM İZLEME MÜDÜRLÜĞÜ YATIRIM İZLEME VE KOORDİNASYON BAŞKANLIKLARI HATAY YATIRIM İZLEME VE KOORDİNASYON BAŞKANLIĞI,Project,2023/779509,A_ATTRIBUE
Project,2023/779509,Procedure,Yapım - Pazarlık - Pazarlık (MD 21 B),UTILISE_PROCÉDURE
AdminSup,MİLLİ EĞİTİM BAKANLIĞI,AdminInt,BAKAN YARDIMCILIKLARI,SUPERVISE
AdminInt,BAKAN YARDIMCILIKLARI,Administration,Hatay İl Milli Eğitim Müdürlüğü- MİLLİ EĞİTİM BAKANLIĞI BAKAN YARDIMCILIKLARI,DELEGUE
Administration,Hatay İl Milli Eğitim Müdürlüğü- MİLLİ EĞİTİM BAKANLIĞI BAKAN YARDIMCILIKLARI,Project,2023/786059,A_ATTRIBUE
Project,2023/786059,Procedure,Yapım - Pazarlık - Pazarlık (MD 21 B),UTILISE_PROCÉDURE
AdminSup,MİLLİ EĞİTİM BAKANLIĞI,AdminInt,BAKAN YARDIMCILIKLARI,SUPERVISE
AdminInt,BAKAN YARDIMCILIKLARI,Administration,Hatay İl Milli Eğitim Müdürlüğü- MİLLİ EĞİTİM BAKANLIĞI BAKAN YARDIMCILIKLARI,DELEGUE
Administration,Hatay İl Milli Eğitim Müdürlüğü- MİLLİ EĞİTİM BAKANLIĞI BAKAN YARDIMCILIKLARI,Project,2023/785837,A_ATTRIBUE
Project,2023/785837,Procedure,Yapım - Pazarlık - Pazarlık (MD 21 B),UTILISE_PROCÉDURE
AdminSup,MİLLİ EĞİTİM BAKANLIĞI,AdminInt,BAKAN YARDIMCILIKLARI,SUPERVISE
AdminInt,BAKAN YARDIMCILIKLARI,Administration,Hatay İl Milli Eğitim Müdürlüğü- MİLLİ EĞİTİM BAKANLIĞI BAKAN YARDIMCILIKLARI,DELEGUE
Administration,Hatay İl Milli Eğitim Müdürlüğü- MİLLİ EĞİTİM BAKANLIĞI BAKAN YARDIMCILIKLARI,Project,2023/776498,A_ATTRIBUE
Project,2023/776498,Procedure,Yapım - Pazarlık - Pazarlık (MD 21 B),UTILISE_PROCÉDURE
AdminSup,MİLLİ EĞİTİM BAKANLIĞI,AdminInt,BAKAN YARDIMCILIKLARI,SUPERVISE
AdminInt,BAKAN YARDIMCILIKLARI,Administration,Hatay İl Milli Eğitim Müdürlüğü- MİLLİ EĞİTİM BAKANLIĞI BAKAN YARDIMCILIKLARI,DELEGUE
Administration,Hatay İl Milli Eğitim Müdürlüğü- MİLLİ EĞİTİM BAKANLIĞI BAKAN YARDIMCILIKLARI,Project,2023/763135,A_ATTRIBUE
Project,2023/763135,Procedure,Yapım - Pazarlık - Pazarlık (MD 21 B),UTILISE_PROCÉDURE
AdminSup,MİLLİ EĞİTİM BAKANLIĞI,AdminInt,BAKAN YARDIMCILIKLARI,SUPERVISE
AdminInt,BAKAN YARDIMCILIKLARI,Administration,Hatay İl Milli Eğitim Müdürlüğü- MİLLİ EĞİTİM BAKANLIĞI BAKAN YARDIMCILIKLARI,DELEGUE
Administration,Hatay İl Milli Eğitim Müdürlüğü- MİLLİ EĞİTİM BAKANLIĞI BAKAN YARDIMCILIKLARI,Project,2023/762242,A_ATTRIBUE
Project,2023/762242,Procedure,Yapım - Pazarlık - Pazarlık (MD 21 B),UTILISE_PROCÉDURE
AdminInt,BELEDİYELER,Administration,HATAY BÜYÜKŞEHİR BELEDİYESİ SATIN ALMA DAİRESİ BAŞKANLIĞI,DELEGUE
Administration,HATAY BÜYÜKŞEHİR BELEDİYESİ SATIN ALMA DAİRESİ BAŞKANLIĞI,Project,2023/764674,A_ATTRIBUE
Project,2023/764674,Procedure,Yapım - Pazarlık - Pazarlık (MD 21 B),UTILISE_PROCÉDURE
AdminSup,MİLLİ EĞİTİM BAKANLIĞI,AdminInt,BAKAN YARDIMCILIKLARI,SUPERVISE
AdminInt,BAKAN YARDIMCILIKLARI,Administration,Hatay İl Milli Eğitim Müdürlüğü- MİLLİ EĞİTİM BAKANLIĞI BAKAN YARDIMCILIKLARI,DELEGUE
Administration,Hatay İl Milli Eğitim Müdürlüğü- MİLLİ EĞİTİM BAKANLIĞI BAKAN YARDIMCILIKLARI,Project,2023/745063,A_ATTRIBUE
Project,2023/745063,Procedure,Yapım - Pazarlık - Pazarlık (MD 21 B),UTILISE_PROCÉDURE
AdminSup,MİLLİ EĞİTİM BAKANLIĞI,AdminInt,BAKAN YARDIMCILIKLARI,SUPERVISE
AdminInt,BAKAN YARDIMCILIKLARI,Administration,Hatay İl Milli Eğitim Müdürlüğü- MİLLİ EĞİTİM BAKANLIĞI BAKAN YARDIMCILIKLARI,DELEGUE
Administration,Hatay İl Milli Eğitim Müdürlüğü- MİLLİ EĞİTİM BAKANLIĞI BAKAN YARDIMCILIKLARI,Project,2023/745476,A_ATTRIBUE
Project,2023/745476,Procedure,Yapım - Pazarlık - Pazarlık (MD 21 B),UTILISE_PROCÉDURE
AdminSup,MİLLİ EĞİTİM BAKANLIĞI,AdminInt,BAKAN YARDIMCILIKLARI,SUPERVISE
AdminInt,BAKAN YARDIMCILIKLARI,Administration,Hatay İl Milli Eğitim Müdürlüğü- MİLLİ EĞİTİM BAKANLIĞI BAKAN YARDIMCILIKLARI,DELEGUE
Administration,Hatay İl Milli Eğitim Müdürlüğü- MİLLİ EĞİTİM BAKANLIĞI BAKAN YARDIMCILIKLARI,Project,2023/745144,A_ATTRIBUE
Project,2023/745144,Procedure,Yapım - Pazarlık - Pazarlık (MD 21 B),UTILISE_PROCÉDURE
AdminInt,BELEDİYELER,Administration,HATAY BÜYÜKŞEHİR BELEDİYESİ SATIN ALMA DAİRESİ BAŞKANLIĞI,DELEGUE
Administration,HATAY BÜYÜKŞEHİR BELEDİYESİ SATIN ALMA DAİRESİ BAŞKANLIĞI,Project,2023/738621,A_ATTRIBUE
Project,2023/738621,Procedure,Yapım - Pazarlık - Pazarlık (MD 21 B),UTILISE_PROCÉDURE
AdminSup,MİLLİ EĞİTİM BAKANLIĞI,AdminInt,BAKAN YARDIMCILIKLARI,SUPERVISE
AdminInt,BAKAN YARDIMCILIKLARI,Administration,Hatay İl Milli Eğitim Müdürlüğü- MİLLİ EĞİTİM BAKANLIĞI BAKAN YARDIMCILIKLARI,DELEGUE
Administration,Hatay İl Milli Eğitim Müdürlüğü- MİLLİ EĞİTİM BAKANLIĞI BAKAN YARDIMCILIKLARI,Project,2023/735916,A_ATTRIBUE
Project,2023/735916,Procedure,Yapım - Pazarlık - Pazarlık (MD 21 B),UTILISE_PROCÉDURE
AdminSup,MİLLİ EĞİTİM BAKANLIĞI,AdminInt,BAKAN YARDIMCILIKLARI,SUPERVISE
AdminInt,BAKAN YARDIMCILIKLARI,Administration,Hatay İl Milli Eğitim Müdürlüğü- MİLLİ EĞİTİM BAKANLIĞI BAKAN YARDIMCILIKLARI,DELEGUE
Administration,Hatay İl Milli Eğitim Müdürlüğü- MİLLİ EĞİTİM BAKANLIĞI BAKAN YARDIMCILIKLARI,Project,2023/735920,A_ATTRIBUE
Project,2023/735920,Procedure,Yapım - Pazarlık - Pazarlık (MD 21 B),UTILISE_PROCÉDURE
AdminSup,MİLLİ EĞİTİM BAKANLIĞI,AdminInt,BAKAN YARDIMCILIKLARI,SUPERVISE
AdminInt,BAKAN YARDIMCILIKLARI,Administration,Hatay İl Milli Eğitim Müdürlüğü- MİLLİ EĞİTİM BAKANLIĞI BAKAN YARDIMCILIKLARI,DELEGUE
Administration,Hatay İl Milli Eğitim Müdürlüğü- MİLLİ EĞİTİM BAKANLIĞI BAKAN YARDIMCILIKLARI,Project,2023/735900,A_ATTRIBUE
Project,2023/735900,Procedure,Yapım - Pazarlık - Pazarlık (MD 21 B),UTILISE_PROCÉDURE
AdminSup,MİLLİ EĞİTİM BAKANLIĞI,AdminInt,BAKAN YARDIMCILIKLARI,SUPERVISE
AdminInt,BAKAN YARDIMCILIKLARI,Administration,Hatay İl Milli Eğitim Müdürlüğü- MİLLİ EĞİTİM BAKANLIĞI BAKAN YARDIMCILIKLARI,DELEGUE
Administration,Hatay İl Milli Eğitim Müdürlüğü- MİLLİ EĞİTİM BAKANLIĞI BAKAN YARDIMCILIKLARI,Project,2023/733716,A_ATTRIBUE
Project,2023/733716,Procedure,Yapım - Pazarlık - Pazarlık (MD 21 B),UTILISE_PROCÉDURE
AdminSup,MİLLİ EĞİTİM BAKANLIĞI,AdminInt,BAKAN YARDIMCILIKLARI,SUPERVISE
AdminInt,BAKAN YARDIMCILIKLARI,Administration,Hatay İl Milli Eğitim Müdürlüğü- MİLLİ EĞİTİM BAKANLIĞI BAKAN YARDIMCILIKLARI,DELEGUE
Administration,Hatay İl Milli Eğitim Müdürlüğü- MİLLİ EĞİTİM BAKANLIĞI BAKAN YARDIMCILIKLARI,Project,2023/729603,A_ATTRIBUE
Project,2023/729603,Procedure,Yapım - Pazarlık - Pazarlık (MD 21 B),UTILISE_PROCÉDURE
AdminSup,MİLLİ EĞİTİM BAKANLIĞI,AdminInt,BAKAN YARDIMCILIKLARI,SUPERVISE
AdminInt,BAKAN YARDIMCILIKLARI,Administration,Hatay İl Milli Eğitim Müdürlüğü- MİLLİ EĞİTİM BAKANLIĞI BAKAN YARDIMCILIKLARI,DELEGUE
Administration,Hatay İl Milli Eğitim Müdürlüğü- MİLLİ EĞİTİM BAKANLIĞI BAKAN YARDIMCILIKLARI,Project,2023/729555,A_ATTRIBUE
Project,2023/729555,Procedure,Yapım - Pazarlık - Pazarlık (MD 21 B),UTILISE_PROCÉDURE
AdminSup,GENÇLİK VE SPOR İL MÜDÜRLÜKLERİ,AdminInt,GENÇLİK VE SPOR İL MÜDÜRLÜĞÜ,SUPERVISE
AdminInt,GENÇLİK VE SPOR İL MÜDÜRLÜĞÜ,Administration,HATAY GENÇLİK VE SPOR İL MÜDÜRLÜĞÜ GENÇLİK VE SPOR İL MÜDÜRLÜKLERİ GENÇLİK VE SPOR İL MÜDÜRLÜĞÜ,DELEGUE
Administration,HATAY GENÇLİK VE SPOR İL MÜDÜRLÜĞÜ GENÇLİK VE SPOR İL MÜDÜRLÜKLERİ GENÇLİK VE SPOR İL MÜDÜRLÜĞÜ,Project,2023/683956,A_ATTRIBUE
Project,2023/683956,Procedure,Yapım - Pazarlık - Pazarlık (MD 21 B),UTILISE_PROCÉDURE
AdminSup,MİLLİ EĞİTİM BAKANLIĞI,AdminInt,BAKAN YARDIMCILIKLARI,SUPERVISE
AdminInt,BAKAN YARDIMCILIKLARI,Administration,Hatay İl Milli Eğitim Müdürlüğü- MİLLİ EĞİTİM BAKANLIĞI BAKAN YARDIMCILIKLARI,DELEGUE
Administration,Hatay İl Milli Eğitim Müdürlüğü- MİLLİ EĞİTİM BAKANLIĞI BAKAN YARDIMCILIKLARI,Project,2023/688485,A_ATTRIBUE
Project,2023/688485,Procedure,Yapım - Pazarlık - Pazarlık (MD 21 B),UTILISE_PROCÉDURE
AdminSup,MİLLİ EĞİTİM BAKANLIĞI,AdminInt,BAKAN YARDIMCILIKLARI,SUPERVISE
AdminInt,BAKAN YARDIMCILIKLARI,Administration,Hatay İl Milli Eğitim Müdürlüğü- MİLLİ EĞİTİM BAKANLIĞI BAKAN YARDIMCILIKLARI,DELEGUE
Administration,Hatay İl Milli Eğitim Müdürlüğü- MİLLİ EĞİTİM BAKANLIĞI BAKAN YARDIMCILIKLARI,Project,2023/689304,A_ATTRIBUE
Project,2023/689304,Procedure,Yapım - Pazarlık - Pazarlık (MD 21 B),UTILISE_PROCÉDURE
AdminSup,YÜKSEKÖĞRETİM KURUMLARI,AdminInt,HATAY MUSTAFA KEMAL ÜNİVERSİTESİ,SUPERVISE
AdminInt,HATAY MUSTAFA KEMAL ÜNİVERSİTESİ,Administration,Yapı İşleri ve Teknik Daire Başkanlığı YÜKSEKÖĞRETİM KURUMLARI HATAY MUSTAFA KEMAL ÜNİVERSİTESİ,DELEGUE
Administration,Yapı İşleri ve Teknik Daire Başkanlığı YÜKSEKÖĞRETİM KURUMLARI HATAY MUSTAFA KEMAL ÜNİVERSİTESİ,Project,2023/670811,A_ATTRIBUE
Project,2023/670811,Procedure,Yapım - Pazarlık - Pazarlık (MD 21 B),UTILISE_PROCÉDURE
AdminSup,MİLLİ EĞİTİM BAKANLIĞI,AdminInt,BAKAN YARDIMCILIKLARI,SUPERVISE
AdminInt,BAKAN YARDIMCILIKLARI,Administration,Hatay İl Milli Eğitim Müdürlüğü- MİLLİ EĞİTİM BAKANLIĞI BAKAN YARDIMCILIKLARI,DELEGUE
Administration,Hatay İl Milli Eğitim Müdürlüğü- MİLLİ EĞİTİM BAKANLIĞI BAKAN YARDIMCILIKLARI,Project,2023/686268,A_ATTRIBUE
Project,2023/686268,Procedure,Yapım - Pazarlık - Pazarlık (MD 21 B),UTILISE_PROCÉDURE
AdminSup,MİLLİ EĞİTİM BAKANLIĞI,AdminInt,BAKAN YARDIMCILIKLARI,SUPERVISE
AdminInt,BAKAN YARDIMCILIKLARI,Administration,Hatay İl Milli Eğitim Müdürlüğü- MİLLİ EĞİTİM BAKANLIĞI BAKAN YARDIMCILIKLARI,DELEGUE
Administration,Hatay İl Milli Eğitim Müdürlüğü- MİLLİ EĞİTİM BAKANLIĞI BAKAN YARDIMCILIKLARI,Project,2023/681434,A_ATTRIBUE
Project,2023/681434,Procedure,Yapım - Pazarlık - Pazarlık (MD 21 B),UTILISE_PROCÉDURE
AdminSup,MİLLİ EĞİTİM BAKANLIĞI,AdminInt,BAKAN YARDIMCILIKLARI,SUPERVISE
AdminInt,BAKAN YARDIMCILIKLARI,Administration,Hatay İl Milli Eğitim Müdürlüğü- MİLLİ EĞİTİM BAKANLIĞI BAKAN YARDIMCILIKLARI,DELEGUE
Administration,Hatay İl Milli Eğitim Müdürlüğü- MİLLİ EĞİTİM BAKANLIĞI BAKAN YARDIMCILIKLARI,Project,2023/678940,A_ATTRIBUE
Project,2023/678940,Procedure,Yapım - Pazarlık - Pazarlık (MD 21 B),UTILISE_PROCÉDURE
AdminSup,MİLLİ EĞİTİM BAKANLIĞI,AdminInt,BAKAN YARDIMCILIKLARI,SUPERVISE
AdminInt,BAKAN YARDIMCILIKLARI,Administration,Hatay İl Milli Eğitim Müdürlüğü- MİLLİ EĞİTİM BAKANLIĞI BAKAN YARDIMCILIKLARI,DELEGUE
Administration,Hatay İl Milli Eğitim Müdürlüğü- MİLLİ EĞİTİM BAKANLIĞI BAKAN YARDIMCILIKLARI,Project,2023/676303,A_ATTRIBUE
Project,2023/676303,Procedure,Yapım - Pazarlık - Pazarlık (MD 21 B),UTILISE_PROCÉDURE
AdminSup,MİLLİ EĞİTİM BAKANLIĞI,AdminInt,BAKAN YARDIMCILIKLARI,SUPERVISE
AdminInt,BAKAN YARDIMCILIKLARI,Administration,Hatay İl Milli Eğitim Müdürlüğü- MİLLİ EĞİTİM BAKANLIĞI BAKAN YARDIMCILIKLARI,DELEGUE
Administration,Hatay İl Milli Eğitim Müdürlüğü- MİLLİ EĞİTİM BAKANLIĞI BAKAN YARDIMCILIKLARI,Project,2023/676185,A_ATTRIBUE
Project,2023/676185,Procedure,Yapım - Pazarlık - Pazarlık (MD 21 B),UTILISE_PROCÉDURE
AdminSup,MİLLİ EĞİTİM BAKANLIĞI,AdminInt,BAKAN YARDIMCILIKLARI,SUPERVISE
AdminInt,BAKAN YARDIMCILIKLARI,Administration,Hatay İl Milli Eğitim Müdürlüğü- MİLLİ EĞİTİM BAKANLIĞI BAKAN YARDIMCILIKLARI,DELEGUE
Administration,Hatay İl Milli Eğitim Müdürlüğü- MİLLİ EĞİTİM BAKANLIĞI BAKAN YARDIMCILIKLARI,Project,2023/677548,A_ATTRIBUE
Project,2023/677548,Procedure,Yapım - Pazarlık - Pazarlık (MD 21 B),UTILISE_PROCÉDURE
AdminSup,MİLLİ EĞİTİM BAKANLIĞI,AdminInt,BAKAN YARDIMCILIKLARI,SUPERVISE
AdminInt,BAKAN YARDIMCILIKLARI,Administration,Hatay İl Milli Eğitim Müdürlüğü- MİLLİ EĞİTİM BAKANLIĞI BAKAN YARDIMCILIKLARI,DELEGUE
Administration,Hatay İl Milli Eğitim Müdürlüğü- MİLLİ EĞİTİM BAKANLIĞI BAKAN YARDIMCILIKLARI,Project,2023/671355,A_ATTRIBUE
Project,2023/671355,Procedure,Yapım - Pazarlık - Pazarlık (MD 21 B),UTILISE_PROCÉDURE
AdminSup,MİLLİ EĞİTİM BAKANLIĞI,AdminInt,BAKAN YARDIMCILIKLARI,SUPERVISE
AdminInt,BAKAN YARDIMCILIKLARI,Administration,Hatay İl Milli Eğitim Müdürlüğü- MİLLİ EĞİTİM BAKANLIĞI BAKAN YARDIMCILIKLARI,DELEGUE
Administration,Hatay İl Milli Eğitim Müdürlüğü- MİLLİ EĞİTİM BAKANLIĞI BAKAN YARDIMCILIKLARI,Project,2023/648144,A_ATTRIBUE
Project,2023/648144,Procedure,Yapım - Pazarlık - Pazarlık (MD 21 B),UTILISE_PROCÉDURE
AdminSup,YATIRIM İZLEME VE KOORDİNASYON BAŞKANLIKLARI,AdminInt,HATAY YATIRIM İZLEME VE KOORDİNASYON BAŞKANLIĞI,SUPERVISE
AdminInt,HATAY YATIRIM İZLEME VE KOORDİNASYON BAŞKANLIĞI,Administration,YATIRIM İZLEME MÜDÜRLÜĞÜ YATIRIM İZLEME VE KOORDİNASYON BAŞKANLIKLARI HATAY YATIRIM İZLEME VE KOORDİNASYON BAŞKANLIĞI,DELEGUE
Administration,YATIRIM İZLEME MÜDÜRLÜĞÜ YATIRIM İZLEME VE KOORDİNASYON BAŞKANLIKLARI HATAY YATIRIM İZLEME VE KOORDİNASYON BAŞKANLIĞI,Project,2023/657912,A_ATTRIBUE
Project,2023/657912,Procedure,Yapım - Pazarlık - Pazarlık (MD 21 B),UTILISE_PROCÉDURE
AdminSup,YATIRIM İZLEME VE KOORDİNASYON BAŞKANLIKLARI,AdminInt,HATAY YATIRIM İZLEME VE KOORDİNASYON BAŞKANLIĞI,SUPERVISE
AdminInt,HATAY YATIRIM İZLEME VE KOORDİNASYON BAŞKANLIĞI,Administration,YATIRIM İZLEME MÜDÜRLÜĞÜ YATIRIM İZLEME VE KOORDİNASYON BAŞKANLIKLARI HATAY YATIRIM İZLEME VE KOORDİNASYON BAŞKANLIĞI,DELEGUE
Administration,YATIRIM İZLEME MÜDÜRLÜĞÜ YATIRIM İZLEME VE KOORDİNASYON BAŞKANLIKLARI HATAY YATIRIM İZLEME VE KOORDİNASYON BAŞKANLIĞI,Project,2023/631691,A_ATTRIBUE
Project,2023/631691,Procedure,Yapım - Pazarlık - Pazarlık (MD 21 B),UTILISE_PROCÉDURE
AdminSup,MİLLİ EĞİTİM BAKANLIĞI,AdminInt,BAKAN YARDIMCILIKLARI,SUPERVISE
AdminInt,BAKAN YARDIMCILIKLARI,Administration,Hatay İl Milli Eğitim Müdürlüğü- MİLLİ EĞİTİM BAKANLIĞI BAKAN YARDIMCILIKLARI,DELEGUE
Administration,Hatay İl Milli Eğitim Müdürlüğü- MİLLİ EĞİTİM BAKANLIĞI BAKAN YARDIMCILIKLARI,Project,2023/629899,A_ATTRIBUE
Project,2023/629899,Procedure,Yapım - Pazarlık - Pazarlık (MD 21 B),UTILISE_PROCÉDURE
AdminSup,YÜKSEKÖĞRETİM KURUMLARI,AdminInt,HATAY MUSTAFA KEMAL ÜNİVERSİTESİ,SUPERVISE
AdminInt,HATAY MUSTAFA KEMAL ÜNİVERSİTESİ,Administration,Yapı İşleri ve Teknik Daire Başkanlığı YÜKSEKÖĞRETİM KURUMLARI HATAY MUSTAFA KEMAL ÜNİVERSİTESİ,DELEGUE
Administration,Yapı İşleri ve Teknik Daire Başkanlığı YÜKSEKÖĞRETİM KURUMLARI HATAY MUSTAFA KEMAL ÜNİVERSİTESİ,Project,2023/609829,A_ATTRIBUE
Project,2023/609829,Procedure,Yapım - Pazarlık - Pazarlık (MD 21 B),UTILISE_PROCÉDURE
AdminInt,BELEDİYELER,Administration,HATAY BÜYÜKŞEHİR BELEDİYESİ SATIN ALMA DAİRESİ BAŞKANLIĞI,DELEGUE
Administration,HATAY BÜYÜKŞEHİR BELEDİYESİ SATIN ALMA DAİRESİ BAŞKANLIĞI,Project,2023/620287,A_ATTRIBUE
Project,2023/620287,Procedure,Yapım - Pazarlık - Pazarlık (MD 21 B),UTILISE_PROCÉDURE
AdminInt,BELEDİYELER,Administration,T.C. ARSUZ BELEDİYESİ,DELEGUE
Administration,T.C. ARSUZ BELEDİYESİ,Project,2023/583906,A_ATTRIBUE
Project,2023/583906,Procedure,Yapım - Pazarlık - Pazarlık (MD 21 B),UTILISE_PROCÉDURE
AdminSup,MİLLİ EĞİTİM BAKANLIĞI,AdminInt,BAKAN YARDIMCILIKLARI,SUPERVISE
AdminInt,BAKAN YARDIMCILIKLARI,Administration,Hatay İl Milli Eğitim Müdürlüğü- MİLLİ EĞİTİM BAKANLIĞI BAKAN YARDIMCILIKLARI,DELEGUE
Administration,Hatay İl Milli Eğitim Müdürlüğü- MİLLİ EĞİTİM BAKANLIĞI BAKAN YARDIMCILIKLARI,Project,2023/589667,A_ATTRIBUE
Project,2023/589667,Procedure,Yapım - Pazarlık - Pazarlık (MD 21 B),UTILISE_PROCÉDURE
AdminSup,MİLLİ EĞİTİM BAKANLIĞI,AdminInt,BAKAN YARDIMCILIKLARI,SUPERVISE
AdminInt,BAKAN YARDIMCILIKLARI,Administration,Hatay İl Milli Eğitim Müdürlüğü- MİLLİ EĞİTİM BAKANLIĞI BAKAN YARDIMCILIKLARI,DELEGUE
Administration,Hatay İl Milli Eğitim Müdürlüğü- MİLLİ EĞİTİM BAKANLIĞI BAKAN YARDIMCILIKLARI,Project,2023/589323,A_ATTRIBUE
Project,2023/589323,Procedure,Yapım - Pazarlık - Pazarlık (MD 21 B),UTILISE_PROCÉDURE
AdminSup,GENÇLİK VE SPOR İL MÜDÜRLÜKLERİ,AdminInt,GENÇLİK VE SPOR İL MÜDÜRLÜĞÜ,SUPERVISE
AdminInt,GENÇLİK VE SPOR İL MÜDÜRLÜĞÜ,Administration,HATAY GENÇLİK VE SPOR İL MÜDÜRLÜĞÜ GENÇLİK VE SPOR İL MÜDÜRLÜKLERİ GENÇLİK VE SPOR İL MÜDÜRLÜĞÜ,DELEGUE
Administration,HATAY GENÇLİK VE SPOR İL MÜDÜRLÜĞÜ GENÇLİK VE SPOR İL MÜDÜRLÜKLERİ GENÇLİK VE SPOR İL MÜDÜRLÜĞÜ,Project,2023/548316,A_ATTRIBUE
Project,2023/548316,Procedure,Yapım - Pazarlık - Pazarlık (MD 21 B),UTILISE_PROCÉDURE
AdminInt,BELEDİYELER,Administration,İSKENDERUN BELEDİYESİ FEN İŞLERİ MÜDÜRLÜĞÜ,DELEGUE
Administration,İSKENDERUN BELEDİYESİ FEN İŞLERİ MÜDÜRLÜĞÜ,Project,2023/514041,A_ATTRIBUE
Project,2023/514041,Procedure,Yapım - Pazarlık - Pazarlık (MD 21 B),UTILISE_PROCÉDURE
AdminInt,BELEDİYELER,Administration,PAYAS BELEDİYESİ FEN İŞLERİ MÜDÜRLÜĞÜ,DELEGUE
Administration,PAYAS BELEDİYESİ FEN İŞLERİ MÜDÜRLÜĞÜ,Project,2023/498912,A_ATTRIBUE
Project,2023/498912,Procedure,Yapım - Pazarlık - Pazarlık (MD 21 B),UTILISE_PROCÉDURE
AdminInt,BELEDİYELER,Administration,İSKENDERUN BELEDİYESİ FEN İŞLERİ MÜDÜRLÜĞÜ,DELEGUE
Administration,İSKENDERUN BELEDİYESİ FEN İŞLERİ MÜDÜRLÜĞÜ,Project,2023/477860,A_ATTRIBUE
Project,2023/477860,Procedure,Yapım - Pazarlık - Pazarlık (MD 21 B),UTILISE_PROCÉDURE
AdminSup,TARIM VE ORMAN BAKANLIĞI,AdminInt,BAKAN YARDIMCILIKLARI,SUPERVISE
AdminInt,BAKAN YARDIMCILIKLARI,Administration,Tarım ve Orman Bakanlığı İl Müdürlüğü TARIM VE ORMAN BAKANLIĞI BAKAN YARDIMCILIKLARI,DELEGUE
Administration,Tarım ve Orman Bakanlığı İl Müdürlüğü TARIM VE ORMAN BAKANLIĞI BAKAN YARDIMCILIKLARI,Project,2023/473700,A_ATTRIBUE
Project,2023/473700,Procedure,Yapım - Pazarlık - Pazarlık (MD 21 B),UTILISE_PROCÉDURE
AdminInt,BELEDİYELER,Administration,REYHANLI BELEDİYESİ İDARİ VE MALİ HİZMETLER MÜDÜRLÜĞÜ,DELEGUE
Administration,REYHANLI BELEDİYESİ İDARİ VE MALİ HİZMETLER MÜDÜRLÜĞÜ,Project,2023/480814,A_ATTRIBUE
Project,2023/480814,Procedure,Yapım - Pazarlık - Pazarlık (MD 21 B),UTILISE_PROCÉDURE
AdminSup,YÜKSEKÖĞRETİM KURUMLARI,AdminInt,HATAY MUSTAFA KEMAL ÜNİVERSİTESİ,SUPERVISE
AdminInt,HATAY MUSTAFA KEMAL ÜNİVERSİTESİ,Administration,Yapı İşleri ve Teknik Daire Başkanlığı YÜKSEKÖĞRETİM KURUMLARI HATAY MUSTAFA KEMAL ÜNİVERSİTESİ,DELEGUE
Administration,Yapı İşleri ve Teknik Daire Başkanlığı YÜKSEKÖĞRETİM KURUMLARI HATAY MUSTAFA KEMAL ÜNİVERSİTESİ,Project,2023/462749,A_ATTRIBUE
Project,2023/462749,Procedure,Yapım - Pazarlık - Pazarlık (MD 21 B),UTILISE_PROCÉDURE
AdminInt,BELEDİYELER,Administration,HATAY BÜYÜKŞEHİR BELEDİYESİ SATIN ALMA DAİRESİ BAŞKANLIĞI,DELEGUE
Administration,HATAY BÜYÜKŞEHİR BELEDİYESİ SATIN ALMA DAİRESİ BAŞKANLIĞI,Project,2023/467409,A_ATTRIBUE
Project,2023/467409,Procedure,Yapım - Pazarlık - Pazarlık (MD 21 B),UTILISE_PROCÉDURE
AdminSup,YÜKSEKÖĞRETİM KURUMLARI,AdminInt,HATAY MUSTAFA KEMAL ÜNİVERSİTESİ,SUPERVISE
AdminInt,HATAY MUSTAFA KEMAL ÜNİVERSİTESİ,Administration,Yapı İşleri ve Teknik Daire Başkanlığı YÜKSEKÖĞRETİM KURUMLARI HATAY MUSTAFA KEMAL ÜNİVERSİTESİ,DELEGUE
Administration,Yapı İşleri ve Teknik Daire Başkanlığı YÜKSEKÖĞRETİM KURUMLARI HATAY MUSTAFA KEMAL ÜNİVERSİTESİ,Project,2023/398732,A_ATTRIBUE
Project,2023/398732,Procedure,Yapım - Pazarlık - Pazarlık (MD 21 B),UTILISE_PROCÉDURE
AdminSup,YÜKSEKÖĞRETİM KURUMLARI,AdminInt,HATAY MUSTAFA KEMAL ÜNİVERSİTESİ,SUPERVISE
AdminInt,HATAY MUSTAFA KEMAL ÜNİVERSİTESİ,Administration,Yapı İşleri ve Teknik Daire Başkanlığı YÜKSEKÖĞRETİM KURUMLARI HATAY MUSTAFA KEMAL ÜNİVERSİTESİ,DELEGUE
Administration,Yapı İşleri ve Teknik Daire Başkanlığı YÜKSEKÖĞRETİM KURUMLARI HATAY MUSTAFA KEMAL ÜNİVERSİTESİ,Project,2023/389321,A_ATTRIBUE
Project,2023/389321,Procedure,Yapım - Pazarlık - Pazarlık (MD 21 B),UTILISE_PROCÉDURE
AdminInt,BELEDİYELER,Administration,REYHANLI BELEDİYESİ İDARİ VE MALİ HİZMETLER MÜDÜRLÜĞÜ,DELEGUE
Administration,REYHANLI BELEDİYESİ İDARİ VE MALİ HİZMETLER MÜDÜRLÜĞÜ,Project,2023/323039,A_ATTRIBUE
Project,2023/323039,Procedure,Yapım - Pazarlık - Pazarlık (MD 21 B),UTILISE_PROCÉDURE
AdminInt,BELEDİYELER,Administration,HATAY BÜYÜKŞEHİR BELEDİYESİ SATIN ALMA DAİRESİ BAŞKANLIĞI,DELEGUE
Administration,HATAY BÜYÜKŞEHİR BELEDİYESİ SATIN ALMA DAİRESİ BAŞKANLIĞI,Project,2023/259264,A_ATTRIBUE
Project,2023/259264,Procedure,Yapım - Pazarlık - Pazarlık (MD 21 B),UTILISE_PROCÉDURE
AdminInt,BELEDİYELER,Administration,HATAY BÜYÜKŞEHİR BELEDİYESİ SATIN ALMA DAİRESİ BAŞKANLIĞI,DELEGUE
Administration,HATAY BÜYÜKŞEHİR BELEDİYESİ SATIN ALMA DAİRESİ BAŞKANLIĞI,Project,2023/258430,A_ATTRIBUE
Project,2023/258430,Procedure,Yapım - Pazarlık - Pazarlık (MD 21 B),UTILISE_PROCÉDURE